Date;Agent;Start;End;Start2;End2;Shift;Week
2026-05-01;Agent_02;12:00;20:00;12;20;8;18
2026-05-01;Agent_03;08:00;16:00;8;16;8;18
2026-05-01;Agent_04;10:00;18:00;10;18;8;18
2026-05-01;Agent_05;14:00;22:00;14;22;8;18
2026-05-01;Agent_06;09:00;17:00;9;17;8;18
2026-05-01;Agent_07;08:00;16:00;8;16;8;18
2026-05-01;Agent_08;09:00;17:00;9;17;8;18
2026-05-01;Agent_09;11:00;19:00;11;19;8;18
2026-05-01;Agent_10;09:00;17:00;9;17;8;18
2026-05-01;Agent_11;15:00;23:00;15;23;8;18
2026-05-01;Agent_12;10:00;18:00;10;18;8;18
2026-05-01;Agent_13;08:00;16:00;8;16;8;18
2026-05-01;Agent_14;16:00;00:00;16;24;8;18
2026-05-01;Agent_15;12:00;20:00;12;20;8;18
2026-05-01;Agent_17;15:00;23:00;15;23;8;18
2026-05-01;Agent_18;13:00;21:00;13;21;8;18
2026-05-01;Agent_19;10:00;18:00;10;18;8;18
2026-05-01;Agent_20;09:00;17:00;9;17;8;18
2026-05-01;Agent_23;16:00;00:00;16;24;8;18
2026-05-01;Agent_24;14:00;22:00;14;22;8;18
2026-05-01;Agent_25;11:00;19:00;11;19;8;18
2026-05-01;Agent_30;05:00;09:00;5;9;4;18
2026-05-01;Agent_31;04:00;08:00;4;8;4;18
2026-05-01;Agent_32;00:00;04:00;24;4;4;18
2026-05-01;Agent_33;00:00;04:00;24;4;4;18
2026-05-01;Agent_36;00:00;04:00;24;4;4;18
2026-05-01;Agent_39;05:00;09:00;5;9;4;18
2026-05-01;Agent_40;00:00;04:00;24;4;4;18
2026-05-01;Agent_41;06:00;10:00;6;10;4;18
2026-05-01;Agent_46;00:00;04:00;24;4;4;18
2026-05-01;Agent_47;04:00;08:00;4;8;4;18
2026-05-01;Agent_48;01:00;05:00;1;5;4;18
2026-05-04;Agent_01;16:00;00:00;16;24;8;19
2026-05-04;Agent_05;09:00;17:00;9;17;8;19
2026-05-04;Agent_06;16:00;00:00;16;24;8;19
2026-05-04;Agent_07;13:00;21:00;13;21;8;19
2026-05-04;Agent_08;09:00;17:00;9;17;8;19
2026-05-04;Agent_09;12:00;20:00;12;20;8;19
2026-05-04;Agent_10;09:00;17:00;9;17;8;19
2026-05-04;Agent_11;14:00;22:00;14;22;8;19
2026-05-04;Agent_12;11:00;19:00;11;19;8;19
2026-05-04;Agent_13;16:00;00:00;16;24;8;19
2026-05-04;Agent_14;13:00;21:00;13;21;8;19
2026-05-04;Agent_15;13:00;21:00;13;21;8;19
2026-05-04;Agent_17;11:00;19:00;11;19;8;19
2026-05-04;Agent_18;10:00;18:00;10;18;8;19
2026-05-04;Agent_20;10:00;18:00;10;18;8;19
2026-05-04;Agent_24;10:00;18:00;10;18;8;19
2026-05-04;Agent_25;13:00;21:00;13;21;8;19
2026-05-04;Agent_27;07:00;11:00;7;11;4;19
2026-05-04;Agent_28;04:00;08:00;4;8;4;19
2026-05-04;Agent_29;03:00;07:00;3;7;4;19
2026-05-04;Agent_30;00:00;04:00;24;4;4;19
2026-05-04;Agent_31;00:00;04:00;24;4;4;19
2026-05-04;Agent_33;07:00;11:00;7;11;4;19
2026-05-04;Agent_35;00:00;04:00;24;4;4;19
2026-05-04;Agent_40;06:00;10:00;6;10;4;19
2026-05-04;Agent_43;01:00;05:00;1;5;4;19
2026-05-04;Agent_44;08:00;12:00;8;12;4;19
2026-05-04;Agent_45;00:00;04:00;24;4;4;19
2026-05-04;Agent_46;08:00;12:00;8;12;4;19
2026-05-04;Agent_49;05:00;09:00;5;9;4;19
2026-05-05;Agent_02;09:00;17:00;9;17;8;19
2026-05-05;Agent_03;10:00;18:00;10;18;8;19
2026-05-05;Agent_05;12:00;20:00;12;20;8;19
2026-05-05;Agent_06;09:00;17:00;9;17;8;19
2026-05-05;Agent_08;11:00;19:00;11;19;8;19
2026-05-05;Agent_10;08:00;16:00;8;16;8;19
2026-05-05;Agent_11;08:00;16:00;8;16;8;19
2026-05-05;Agent_12;11:00;19:00;11;19;8;19
2026-05-05;Agent_13;16:00;00:00;16;24;8;19
2026-05-05;Agent_14;09:00;17:00;9;17;8;19
2026-05-05;Agent_15;09:00;17:00;9;17;8;19
2026-05-05;Agent_16;14:00;22:00;14;22;8;19
2026-05-05;Agent_17;15:00;23:00;15;23;8;19
2026-05-05;Agent_18;12:00;20:00;12;20;8;19
2026-05-05;Agent_19;11:00;19:00;11;19;8;19
2026-05-05;Agent_20;14:00;22:00;14;22;8;19
2026-05-05;Agent_21;16:00;00:00;16;24;8;19
2026-05-05;Agent_22;16:00;00:00;16;24;8;19
2026-05-05;Agent_23;08:00;16:00;8;16;8;19
2026-05-05;Agent_24;13:00;21:00;13;21;8;19
2026-05-05;Agent_25;11:00;19:00;11;19;8;19
2026-05-05;Agent_29;00:00;04:00;24;4;4;19
2026-05-05;Agent_32;04:00;08:00;4;8;4;19
2026-05-05;Agent_35;00:00;04:00;24;4;4;19
2026-05-05;Agent_36;06:00;10:00;6;10;4;19
2026-05-05;Agent_37;00:00;04:00;24;4;4;19
2026-05-05;Agent_40;00:00;04:00;24;4;4;19
2026-05-05;Agent_41;05:00;09:00;5;9;4;19
2026-05-05;Agent_44;00:00;04:00;24;4;4;19
2026-05-05;Agent_47;04:00;08:00;4;8;4;19
2026-05-06;Agent_01;08:00;16:00;8;16;8;19
2026-05-06;Agent_02;09:00;17:00;9;17;8;19
2026-05-06;Agent_03;16:00;00:00;16;24;8;19
2026-05-06;Agent_04;09:00;17:00;9;17;8;19
2026-05-06;Agent_05;10:00;18:00;10;18;8;19
2026-05-06;Agent_06;15:00;23:00;15;23;8;19
2026-05-06;Agent_07;16:00;00:00;16;24;8;19
2026-05-06;Agent_08;12:00;20:00;12;20;8;19
2026-05-06;Agent_10;09:00;17:00;9;17;8;19
2026-05-06;Agent_12;13:00;21:00;13;21;8;19
2026-05-06;Agent_13;16:00;00:00;16;24;8;19
2026-05-06;Agent_14;10:00;18:00;10;18;8;19
2026-05-06;Agent_15;10:00;18:00;10;18;8;19
2026-05-06;Agent_16;11:00;19:00;11;19;8;19
2026-05-06;Agent_17;15:00;23:00;15;23;8;19
2026-05-06;Agent_18;15:00;23:00;15;23;8;19
2026-05-06;Agent_21;09:00;17:00;9;17;8;19
2026-05-06;Agent_22;12:00;20:00;12;20;8;19
2026-05-06;Agent_24;08:00;16:00;8;16;8;19
2026-05-06;Agent_25;10:00;18:00;10;18;8;19
2026-05-06;Agent_27;00:00;04:00;24;4;4;19
2026-05-06;Agent_32;06:00;10:00;6;10;4;19
2026-05-06;Agent_33;00:00;04:00;24;4;4;19
2026-05-06;Agent_34;04:00;08:00;4;8;4;19
2026-05-06;Agent_35;05:00;09:00;5;9;4;19
2026-05-06;Agent_36;07:00;11:00;7;11;4;19
2026-05-06;Agent_39;02:00;06:00;2;6;4;19
2026-05-06;Agent_46;04:00;08:00;4;8;4;19
2026-05-06;Agent_48;00:00;04:00;24;4;4;19
2026-05-07;Agent_01;16:00;00:00;16;24;8;19
2026-05-07;Agent_02;11:00;19:00;11;19;8;19
2026-05-07;Agent_03;16:00;00:00;16;24;8;19
2026-05-07;Agent_04;09:00;17:00;9;17;8;19
2026-05-07;Agent_05;09:00;17:00;9;17;8;19
2026-05-07;Agent_06;15:00;23:00;15;23;8;19
2026-05-07;Agent_07;09:00;17:00;9;17;8;19
2026-05-07;Agent_08;15:00;23:00;15;23;8;19
2026-05-07;Agent_10;08:00;16:00;8;16;8;19
2026-05-07;Agent_11;16:00;00:00;16;24;8;19
2026-05-07;Agent_12;10:00;18:00;10;18;8;19
2026-05-07;Agent_13;12:00;20:00;12;20;8;19
2026-05-07;Agent_14;08:00;16:00;8;16;8;19
2026-05-07;Agent_15;13:00;21:00;13;21;8;19
2026-05-07;Agent_16;10:00;18:00;10;18;8;19
2026-05-07;Agent_17;11:00;19:00;11;19;8;19
2026-05-07;Agent_18;15:00;23:00;15;23;8;19
2026-05-07;Agent_19;12:00;20:00;12;20;8;19
2026-05-07;Agent_20;11:00;19:00;11;19;8;19
2026-05-07;Agent_22;08:00;16:00;8;16;8;19
2026-05-07;Agent_24;09:00;17:00;9;17;8;19
2026-05-07;Agent_25;09:00;17:00;9;17;8;19
2026-05-07;Agent_27;04:00;08:00;4;8;4;19
2026-05-07;Agent_28;05:00;09:00;5;9;4;19
2026-05-07;Agent_30;04:00;08:00;4;8;4;19
2026-05-07;Agent_31;00:00;04:00;24;4;4;19
2026-05-07;Agent_40;05:00;09:00;5;9;4;19
2026-05-07;Agent_43;04:00;08:00;4;8;4;19
2026-05-07;Agent_44;00:00;04:00;24;4;4;19
2026-05-07;Agent_46;00:00;04:00;24;4;4;19
2026-05-07;Agent_48;07:00;11:00;7;11;4;19
2026-05-07;Agent_49;00:00;04:00;24;4;4;19
2026-05-07;Agent_50;00:00;04:00;24;4;4;19
2026-05-08;Agent_01;12:00;20:00;12;20;8;19
2026-05-08;Agent_02;16:00;00:00;16;24;8;19
2026-05-08;Agent_03;10:00;18:00;10;18;8;19
2026-05-08;Agent_04;11:00;19:00;11;19;8;19
2026-05-08;Agent_06;16:00;00:00;16;24;8;19
2026-05-08;Agent_08;10:00;18:00;10;18;8;19
2026-05-08;Agent_09;13:00;21:00;13;21;8;19
2026-05-08;Agent_10;13:00;21:00;13;21;8;19
2026-05-08;Agent_11;10:00;18:00;10;18;8;19
2026-05-08;Agent_12;15:00;23:00;15;23;8;19
2026-05-08;Agent_15;09:00;17:00;9;17;8;19
2026-05-08;Agent_16;09:00;17:00;9;17;8;19
2026-05-08;Agent_17;09:00;17:00;9;17;8;19
2026-05-08;Agent_18;14:00;22:00;14;22;8;19
2026-05-08;Agent_20;13:00;21:00;13;21;8;19
2026-05-08;Agent_21;11:00;19:00;11;19;8;19
2026-05-08;Agent_22;16:00;00:00;16;24;8;19
2026-05-08;Agent_23;12:00;20:00;12;20;8;19
2026-05-08;Agent_26;00:00;04:00;24;4;4;19
2026-05-08;Agent_29;06:00;10:00;6;10;4;19
2026-05-08;Agent_30;05:00;09:00;5;9;4;19
2026-05-08;Agent_35;00:00;04:00;24;4;4;19
2026-05-08;Agent_36;06:00;10:00;6;10;4;19
2026-05-08;Agent_37;03:00;07:00;3;7;4;19
2026-05-08;Agent_40;06:00;10:00;6;10;4;19
2026-05-08;Agent_41;07:00;11:00;7;11;4;19
2026-05-08;Agent_42;08:00;12:00;8;12;4;19
2026-05-08;Agent_44;01:00;05:00;1;5;4;19
2026-05-08;Agent_47;00:00;04:00;24;4;4;19
2026-05-08;Agent_50;00:00;04:00;24;4;4;19
2026-05-11;Agent_01;16:00;00:00;16;24;8;20
2026-05-11;Agent_03;08:00;16:00;8;16;8;20
2026-05-11;Agent_04;12:00;20:00;12;20;8;20
2026-05-11;Agent_05;15:00;23:00;15;23;8;20
2026-05-11;Agent_06;12:00;20:00;12;20;8;20
2026-05-11;Agent_07;11:00;19:00;11;19;8;20
2026-05-11;Agent_08;10:00;18:00;10;18;8;20
2026-05-11;Agent_09;09:00;17:00;9;17;8;20
2026-05-11;Agent_10;16:00;00:00;16;24;8;20
2026-05-11;Agent_11;14:00;22:00;14;22;8;20
2026-05-11;Agent_12;14:00;22:00;14;22;8;20
2026-05-11;Agent_13;08:00;16:00;8;16;8;20
2026-05-11;Agent_15;11:00;19:00;11;19;8;20
2026-05-11;Agent_16;16:00;00:00;16;24;8;20
2026-05-11;Agent_17;09:00;17:00;9;17;8;20
2026-05-11;Agent_19;13:00;21:00;13;21;8;20
2026-05-11;Agent_20;09:00;17:00;9;17;8;20
2026-05-11;Agent_22;13:00;21:00;13;21;8;20
2026-05-11;Agent_23;10:00;18:00;10;18;8;20
2026-05-11;Agent_27;07:00;11:00;7;11;4;20
2026-05-11;Agent_29;00:00;04:00;24;4;4;20
2026-05-11;Agent_31;00:00;04:00;24;4;4;20
2026-05-11;Agent_33;05:00;09:00;5;9;4;20
2026-05-11;Agent_34;07:00;11:00;7;11;4;20
2026-05-11;Agent_36;00:00;04:00;24;4;4;20
2026-05-11;Agent_39;00:00;04:00;24;4;4;20
2026-05-11;Agent_41;04:00;08:00;4;8;4;20
2026-05-11;Agent_45;05:00;09:00;5;9;4;20
2026-05-11;Agent_47;00:00;04:00;24;4;4;20
2026-05-11;Agent_49;03:00;07:00;3;7;4;20
2026-05-11;Agent_50;06:00;10:00;6;10;4;20
2026-05-12;Agent_01;09:00;17:00;9;17;8;20
2026-05-12;Agent_03;12:00;20:00;12;20;8;20
2026-05-12;Agent_04;16:00;00:00;16;24;8;20
2026-05-12;Agent_05;16:00;00:00;16;24;8;20
2026-05-12;Agent_06;13:00;21:00;13;21;8;20
2026-05-12;Agent_07;10:00;18:00;10;18;8;20
2026-05-12;Agent_09;08:00;16:00;8;16;8;20
2026-05-12;Agent_10;09:00;17:00;9;17;8;20
2026-05-12;Agent_11;16:00;00:00;16;24;8;20
2026-05-12;Agent_12;12:00;20:00;12;20;8;20
2026-05-12;Agent_13;08:00;16:00;8;16;8;20
2026-05-12;Agent_14;10:00;18:00;10;18;8;20
2026-05-12;Agent_15;13:00;21:00;13;21;8;20
2026-05-12;Agent_16;09:00;17:00;9;17;8;20
2026-05-12;Agent_17;15:00;23:00;15;23;8;20
2026-05-12;Agent_18;08:00;16:00;8;16;8;20
2026-05-12;Agent_19;12:00;20:00;12;20;8;20
2026-05-12;Agent_20;13:00;21:00;13;21;8;20
2026-05-12;Agent_21;13:00;21:00;13;21;8;20
2026-05-12;Agent_22;11:00;19:00;11;19;8;20
2026-05-12;Agent_25;12:00;20:00;12;20;8;20
2026-05-12;Agent_28;00:00;04:00;24;4;4;20
2026-05-12;Agent_30;06:00;10:00;6;10;4;20
2026-05-12;Agent_34;07:00;11:00;7;11;4;20
2026-05-12;Agent_36;04:00;08:00;4;8;4;20
2026-05-12;Agent_37;00:00;04:00;24;4;4;20
2026-05-12;Agent_39;00:00;04:00;24;4;4;20
2026-05-12;Agent_40;04:00;08:00;4;8;4;20
2026-05-12;Agent_48;04:00;08:00;4;8;4;20
2026-05-13;Agent_01;13:00;21:00;13;21;8;20
2026-05-13;Agent_02;10:00;18:00;10;18;8;20
2026-05-13;Agent_03;09:00;17:00;9;17;8;20
2026-05-13;Agent_04;11:00;19:00;11;19;8;20
2026-05-13;Agent_06;09:00;17:00;9;17;8;20
2026-05-13;Agent_07;11:00;19:00;11;19;8;20
2026-05-13;Agent_10;11:00;19:00;11;19;8;20
2026-05-13;Agent_11;13:00;21:00;13;21;8;20
2026-05-13;Agent_13;16:00;00:00;16;24;8;20
2026-05-13;Agent_15;10:00;18:00;10;18;8;20
2026-05-13;Agent_18;12:00;20:00;12;20;8;20
2026-05-13;Agent_19;09:00;17:00;9;17;8;20
2026-05-13;Agent_20;16:00;00:00;16;24;8;20
2026-05-13;Agent_22;16:00;00:00;16;24;8;20
2026-05-13;Agent_23;10:00;18:00;10;18;8;20
2026-05-13;Agent_24;14:00;22:00;14;22;8;20
2026-05-13;Agent_25;10:00;18:00;10;18;8;20
2026-05-13;Agent_26;00:00;04:00;24;4;4;20
2026-05-13;Agent_28;00:00;04:00;24;4;4;20
2026-05-13;Agent_29;07:00;11:00;7;11;4;20
2026-05-13;Agent_30;08:00;12:00;8;12;4;20
2026-05-13;Agent_35;07:00;11:00;7;11;4;20
2026-05-13;Agent_39;03:00;07:00;3;7;4;20
2026-05-13;Agent_40;00:00;04:00;24;4;4;20
2026-05-13;Agent_41;05:00;09:00;5;9;4;20
2026-05-13;Agent_43;07:00;11:00;7;11;4;20
2026-05-13;Agent_46;00:00;04:00;24;4;4;20
2026-05-13;Agent_47;07:00;11:00;7;11;4;20
2026-05-13;Agent_49;03:00;07:00;3;7;4;20
2026-05-14;Agent_02;11:00;19:00;11;19;8;20
2026-05-14;Agent_03;12:00;20:00;12;20;8;20
2026-05-14;Agent_04;08:00;16:00;8;16;8;20
2026-05-14;Agent_05;09:00;17:00;9;17;8;20
2026-05-14;Agent_06;14:00;22:00;14;22;8;20
2026-05-14;Agent_07;16:00;00:00;16;24;8;20
2026-05-14;Agent_08;08:00;16:00;8;16;8;20
2026-05-14;Agent_09;12:00;20:00;12;20;8;20
2026-05-14;Agent_11;09:00;17:00;9;17;8;20
2026-05-14;Agent_12;15:00;23:00;15;23;8;20
2026-05-14;Agent_13;15:00;23:00;15;23;8;20
2026-05-14;Agent_15;10:00;18:00;10;18;8;20
2026-05-14;Agent_16;14:00;22:00;14;22;8;20
2026-05-14;Agent_17;09:00;17:00;9;17;8;20
2026-05-14;Agent_19;14:00;22:00;14;22;8;20
2026-05-14;Agent_21;12:00;20:00;12;20;8;20
2026-05-14;Agent_22;16:00;00:00;16;24;8;20
2026-05-14;Agent_23;10:00;18:00;10;18;8;20
2026-05-14;Agent_24;10:00;18:00;10;18;8;20
2026-05-14;Agent_25;10:00;18:00;10;18;8;20
2026-05-14;Agent_27;00:00;04:00;24;4;4;20
2026-05-14;Agent_29;06:00;10:00;6;10;4;20
2026-05-14;Agent_31;00:00;04:00;24;4;4;20
2026-05-14;Agent_32;05:00;09:00;5;9;4;20
2026-05-14;Agent_36;04:00;08:00;4;8;4;20
2026-05-14;Agent_39;00:00;04:00;24;4;4;20
2026-05-14;Agent_42;05:00;09:00;5;9;4;20
2026-05-14;Agent_45;00:00;04:00;24;4;4;20
2026-05-14;Agent_46;04:00;08:00;4;8;4;20
2026-05-14;Agent_50;06:00;10:00;6;10;4;20
2026-05-15;Agent_03;16:00;00:00;16;24;8;20
2026-05-15;Agent_04;12:00;20:00;12;20;8;20
2026-05-15;Agent_05;14:00;22:00;14;22;8;20
2026-05-15;Agent_06;10:00;18:00;10;18;8;20
2026-05-15;Agent_07;16:00;00:00;16;24;8;20
2026-05-15;Agent_09;13:00;21:00;13;21;8;20
2026-05-15;Agent_12;08:00;16:00;8;16;8;20
2026-05-15;Agent_13;10:00;18:00;10;18;8;20
2026-05-15;Agent_14;14:00;22:00;14;22;8;20
2026-05-15;Agent_15;09:00;17:00;9;17;8;20
2026-05-15;Agent_17;16:00;00:00;16;24;8;20
2026-05-15;Agent_18;14:00;22:00;14;22;8;20
2026-05-15;Agent_19;09:00;17:00;9;17;8;20
2026-05-15;Agent_20;10:00;18:00;10;18;8;20
2026-05-15;Agent_22;15:00;23:00;15;23;8;20
2026-05-15;Agent_23;08:00;16:00;8;16;8;20
2026-05-15;Agent_25;10:00;18:00;10;18;8;20
2026-05-15;Agent_26;03:00;07:00;3;7;4;20
2026-05-15;Agent_27;02:00;06:00;2;6;4;20
2026-05-15;Agent_28;00:00;04:00;24;4;4;20
2026-05-15;Agent_34;00:00;04:00;24;4;4;20
2026-05-15;Agent_35;06:00;10:00;6;10;4;20
2026-05-15;Agent_36;00:00;04:00;24;4;4;20
2026-05-15;Agent_37;05:00;09:00;5;9;4;20
2026-05-15;Agent_45;05:00;09:00;5;9;4;20
2026-05-15;Agent_46;00:00;04:00;24;4;4;20
2026-05-15;Agent_47;00:00;04:00;24;4;4;20
2026-05-15;Agent_48;06:00;10:00;6;10;4;20
2026-05-15;Agent_50;04:00;08:00;4;8;4;20
2026-05-18;Agent_01;12:00;20:00;12;20;8;21
2026-05-18;Agent_03;14:00;22:00;14;22;8;21
2026-05-18;Agent_04;08:00;16:00;8;16;8;21
2026-05-18;Agent_05;13:00;21:00;13;21;8;21
2026-05-18;Agent_06;16:00;00:00;16;24;8;21
2026-05-18;Agent_07;11:00;19:00;11;19;8;21
2026-05-18;Agent_08;12:00;20:00;12;20;8;21
2026-05-18;Agent_09;10:00;18:00;10;18;8;21
2026-05-18;Agent_10;08:00;16:00;8;16;8;21
2026-05-18;Agent_11;16:00;00:00;16;24;8;21
2026-05-18;Agent_12;09:00;17:00;9;17;8;21
2026-05-18;Agent_13;11:00;19:00;11;19;8;21
2026-05-18;Agent_15;16:00;00:00;16;24;8;21
2026-05-18;Agent_16;14:00;22:00;14;22;8;21
2026-05-18;Agent_18;10:00;18:00;10;18;8;21
2026-05-18;Agent_20;09:00;17:00;9;17;8;21
2026-05-18;Agent_21;10:00;18:00;10;18;8;21
2026-05-18;Agent_22;13:00;21:00;13;21;8;21
2026-05-18;Agent_23;10:00;18:00;10;18;8;21
2026-05-18;Agent_24;10:00;18:00;10;18;8;21
2026-05-18;Agent_25;15:00;23:00;15;23;8;21
2026-05-18;Agent_26;04:00;08:00;4;8;4;21
2026-05-18;Agent_29;00:00;04:00;24;4;4;21
2026-05-18;Agent_30;07:00;11:00;7;11;4;21
2026-05-18;Agent_33;00:00;04:00;24;4;4;21
2026-05-18;Agent_34;05:00;09:00;5;9;4;21
2026-05-18;Agent_37;06:00;10:00;6;10;4;21
2026-05-18;Agent_46;04:00;08:00;4;8;4;21
2026-05-18;Agent_48;00:00;04:00;24;4;4;21
2026-05-18;Agent_50;06:00;10:00;6;10;4;21
2026-05-19;Agent_01;15:00;23:00;15;23;8;21
2026-05-19;Agent_03;14:00;22:00;14;22;8;21
2026-05-19;Agent_04;11:00;19:00;11;19;8;21
2026-05-19;Agent_05;10:00;18:00;10;18;8;21
2026-05-19;Agent_09;08:00;16:00;8;16;8;21
2026-05-19;Agent_10;11:00;19:00;11;19;8;21
2026-05-19;Agent_11;16:00;00:00;16;24;8;21
2026-05-19;Agent_12;14:00;22:00;14;22;8;21
2026-05-19;Agent_13;09:00;17:00;9;17;8;21
2026-05-19;Agent_14;08:00;16:00;8;16;8;21
2026-05-19;Agent_15;12:00;20:00;12;20;8;21
2026-05-19;Agent_16;16:00;00:00;16;24;8;21
2026-05-19;Agent_17;14:00;22:00;14;22;8;21
2026-05-19;Agent_18;13:00;21:00;13;21;8;21
2026-05-19;Agent_19;11:00;19:00;11;19;8;21
2026-05-19;Agent_20;09:00;17:00;9;17;8;21
2026-05-19;Agent_21;11:00;19:00;11;19;8;21
2026-05-19;Agent_22;08:00;16:00;8;16;8;21
2026-05-19;Agent_24;12:00;20:00;12;20;8;21
2026-05-19;Agent_25;16:00;00:00;16;24;8;21
2026-05-19;Agent_27;04:00;08:00;4;8;4;21
2026-05-19;Agent_28;04:00;08:00;4;8;4;21
2026-05-19;Agent_30;07:00;11:00;7;11;4;21
2026-05-19;Agent_31;00:00;04:00;24;4;4;21
2026-05-19;Agent_32;00:00;04:00;24;4;4;21
2026-05-19;Agent_33;00:00;04:00;24;4;4;21
2026-05-19;Agent_36;00:00;04:00;24;4;4;21
2026-05-19;Agent_37;08:00;12:00;8;12;4;21
2026-05-19;Agent_44;04:00;08:00;4;8;4;21
2026-05-19;Agent_46;00:00;04:00;24;4;4;21
2026-05-20;Agent_04;15:00;23:00;15;23;8;21
2026-05-20;Agent_06;14:00;22:00;14;22;8;21
2026-05-20;Agent_07;13:00;21:00;13;21;8;21
2026-05-20;Agent_08;12:00;20:00;12;20;8;21
2026-05-20;Agent_09;08:00;16:00;8;16;8;21
2026-05-20;Agent_11;16:00;00:00;16;24;8;21
2026-05-20;Agent_12;16:00;00:00;16;24;8;21
2026-05-20;Agent_14;11:00;19:00;11;19;8;21
2026-05-20;Agent_15;09:00;17:00;9;17;8;21
2026-05-20;Agent_16;14:00;22:00;14;22;8;21
2026-05-20;Agent_17;13:00;21:00;13;21;8;21
2026-05-20;Agent_18;10:00;18:00;10;18;8;21
2026-05-20;Agent_19;10:00;18:00;10;18;8;21
2026-05-20;Agent_20;11:00;19:00;11;19;8;21
2026-05-20;Agent_21;09:00;17:00;9;17;8;21
2026-05-20;Agent_22;09:00;17:00;9;17;8;21
2026-05-20;Agent_25;12:00;20:00;12;20;8;21
2026-05-20;Agent_26;07:00;11:00;7;11;4;21
2026-05-20;Agent_27;05:00;09:00;5;9;4;21
2026-05-20;Agent_29;00:00;04:00;24;4;4;21
2026-05-20;Agent_34;01:00;05:00;1;5;4;21
2026-05-20;Agent_35;00:00;04:00;24;4;4;21
2026-05-20;Agent_36;00:00;04:00;24;4;4;21
2026-05-20;Agent_38;04:00;08:00;4;8;4;21
2026-05-20;Agent_39;08:00;12:00;8;12;4;21
2026-05-20;Agent_40;00:00;04:00;24;4;4;21
2026-05-20;Agent_41;06:00;10:00;6;10;4;21
2026-05-20;Agent_45;07:00;11:00;7;11;4;21
2026-05-21;Agent_01;13:00;21:00;13;21;8;21
2026-05-21;Agent_03;14:00;22:00;14;22;8;21
2026-05-21;Agent_05;11:00;19:00;11;19;8;21
2026-05-21;Agent_06;09:00;17:00;9;17;8;21
2026-05-21;Agent_07;10:00;18:00;10;18;8;21
2026-05-21;Agent_08;13:00;21:00;13;21;8;21
2026-05-21;Agent_09;16:00;00:00;16;24;8;21
2026-05-21;Agent_10;10:00;18:00;10;18;8;21
2026-05-21;Agent_13;08:00;16:00;8;16;8;21
2026-05-21;Agent_14;11:00;19:00;11;19;8;21
2026-05-21;Agent_15;09:00;17:00;9;17;8;21
2026-05-21;Agent_16;14:00;22:00;14;22;8;21
2026-05-21;Agent_17;10:00;18:00;10;18;8;21
2026-05-21;Agent_18;11:00;19:00;11;19;8;21
2026-05-21;Agent_19;08:00;16:00;8;16;8;21
2026-05-21;Agent_20;12:00;20:00;12;20;8;21
2026-05-21;Agent_21;16:00;00:00;16;24;8;21
2026-05-21;Agent_22;11:00;19:00;11;19;8;21
2026-05-21;Agent_23;16:00;00:00;16;24;8;21
2026-05-21;Agent_24;10:00;18:00;10;18;8;21
2026-05-21;Agent_28;00:00;04:00;24;4;4;21
2026-05-21;Agent_32;00:00;04:00;24;4;4;21
2026-05-21;Agent_35;00:00;04:00;24;4;4;21
2026-05-21;Agent_38;04:00;08:00;4;8;4;21
2026-05-21;Agent_39;03:00;07:00;3;7;4;21
2026-05-21;Agent_40;00:00;04:00;24;4;4;21
2026-05-21;Agent_41;06:00;10:00;6;10;4;21
2026-05-21;Agent_42;05:00;09:00;5;9;4;21
2026-05-21;Agent_48;07:00;11:00;7;11;4;21
2026-05-21;Agent_50;04:00;08:00;4;8;4;21
2026-05-22;Agent_01;15:00;23:00;15;23;8;21
2026-05-22;Agent_03;13:00;21:00;13;21;8;21
2026-05-22;Agent_04;09:00;17:00;9;17;8;21
2026-05-22;Agent_05;16:00;00:00;16;24;8;21
2026-05-22;Agent_06;16:00;00:00;16;24;8;21
2026-05-22;Agent_08;13:00;21:00;13;21;8;21
2026-05-22;Agent_10;09:00;17:00;9;17;8;21
2026-05-22;Agent_11;11:00;19:00;11;19;8;21
2026-05-22;Agent_13;08:00;16:00;8;16;8;21
2026-05-22;Agent_14;09:00;17:00;9;17;8;21
2026-05-22;Agent_15;11:00;19:00;11;19;8;21
2026-05-22;Agent_17;09:00;17:00;9;17;8;21
2026-05-22;Agent_19;12:00;20:00;12;20;8;21
2026-05-22;Agent_20;10:00;18:00;10;18;8;21
2026-05-22;Agent_21;13:00;21:00;13;21;8;21
2026-05-22;Agent_22;10:00;18:00;10;18;8;21
2026-05-22;Agent_23;10:00;18:00;10;18;8;21
2026-05-22;Agent_24;16:00;00:00;16;24;8;21
2026-05-22;Agent_25;14:00;22:00;14;22;8;21
2026-05-22;Agent_30;06:00;10:00;6;10;4;21
2026-05-22;Agent_31;05:00;09:00;5;9;4;21
2026-05-22;Agent_33;00:00;04:00;24;4;4;21
2026-05-22;Agent_34;00:00;04:00;24;4;4;21
2026-05-22;Agent_36;03:00;07:00;3;7;4;21
2026-05-22;Agent_37;05:00;09:00;5;9;4;21
2026-05-22;Agent_38;01:00;05:00;1;5;4;21
2026-05-22;Agent_39;00:00;04:00;24;4;4;21
2026-05-22;Agent_40;00:00;04:00;24;4;4;21
2026-05-22;Agent_42;06:00;10:00;6;10;4;21
2026-05-22;Agent_43;07:00;11:00;7;11;4;21
2026-05-22;Agent_44;00:00;04:00;24;4;4;21
2026-05-22;Agent_45;03:00;07:00;3;7;4;21
2026-05-22;Agent_46;07:00;11:00;7;11;4;21
2026-05-25;Agent_01;16:00;00:00;16;24;8;22
2026-05-25;Agent_03;14:00;22:00;14;22;8;22
2026-05-25;Agent_04;13:00;21:00;13;21;8;22
2026-05-25;Agent_06;11:00;19:00;11;19;8;22
2026-05-25;Agent_07;10:00;18:00;10;18;8;22
2026-05-25;Agent_08;16:00;00:00;16;24;8;22
2026-05-25;Agent_10;10:00;18:00;10;18;8;22
2026-05-25;Agent_11;10:00;18:00;10;18;8;22
2026-05-25;Agent_12;14:00;22:00;14;22;8;22
2026-05-25;Agent_14;10:00;18:00;10;18;8;22
2026-05-25;Agent_15;14:00;22:00;14;22;8;22
2026-05-25;Agent_16;09:00;17:00;9;17;8;22
2026-05-25;Agent_17;15:00;23:00;15;23;8;22
2026-05-25;Agent_18;16:00;00:00;16;24;8;22
2026-05-25;Agent_20;11:00;19:00;11;19;8;22
2026-05-25;Agent_21;09:00;17:00;9;17;8;22
2026-05-25;Agent_22;11:00;19:00;11;19;8;22
2026-05-25;Agent_25;08:00;16:00;8;16;8;22
2026-05-25;Agent_26;00:00;04:00;24;4;4;22
2026-05-25;Agent_29;00:00;04:00;24;4;4;22
2026-05-25;Agent_30;04:00;08:00;4;8;4;22
2026-05-25;Agent_33;07:00;11:00;7;11;4;22
2026-05-25;Agent_35;06:00;10:00;6;10;4;22
2026-05-25;Agent_38;02:00;06:00;2;6;4;22
2026-05-25;Agent_40;06:00;10:00;6;10;4;22
2026-05-25;Agent_41;00:00;04:00;24;4;4;22
2026-05-25;Agent_43;00:00;04:00;24;4;4;22
2026-05-25;Agent_45;05:00;09:00;5;9;4;22
2026-05-25;Agent_47;00:00;04:00;24;4;4;22
2026-05-25;Agent_50;07:00;11:00;7;11;4;22
2026-05-26;Agent_01;16:00;00:00;16;24;8;22
2026-05-26;Agent_02;13:00;21:00;13;21;8;22
2026-05-26;Agent_03;16:00;00:00;16;24;8;22
2026-05-26;Agent_04;09:00;17:00;9;17;8;22
2026-05-26;Agent_06;08:00;16:00;8;16;8;22
2026-05-26;Agent_08;09:00;17:00;9;17;8;22
2026-05-26;Agent_09;08:00;16:00;8;16;8;22
2026-05-26;Agent_10;14:00;22:00;14;22;8;22
2026-05-26;Agent_12;14:00;22:00;14;22;8;22
2026-05-26;Agent_13;11:00;19:00;11;19;8;22
2026-05-26;Agent_14;12:00;20:00;12;20;8;22
2026-05-26;Agent_16;09:00;17:00;9;17;8;22
2026-05-26;Agent_17;16:00;00:00;16;24;8;22
2026-05-26;Agent_18;08:00;16:00;8;16;8;22
2026-05-26;Agent_20;12:00;20:00;12;20;8;22
2026-05-26;Agent_21;15:00;23:00;15;23;8;22
2026-05-26;Agent_22;11:00;19:00;11;19;8;22
2026-05-26;Agent_23;10:00;18:00;10;18;8;22
2026-05-26;Agent_24;11:00;19:00;11;19;8;22
2026-05-26;Agent_25;10:00;18:00;10;18;8;22
2026-05-26;Agent_30;04:00;08:00;4;8;4;22
2026-05-26;Agent_31;07:00;11:00;7;11;4;22
2026-05-26;Agent_33;00:00;04:00;24;4;4;22
2026-05-26;Agent_35;00:00;04:00;24;4;4;22
2026-05-26;Agent_36;04:00;08:00;4;8;4;22
2026-05-26;Agent_40;06:00;10:00;6;10;4;22
2026-05-26;Agent_42;00:00;04:00;24;4;4;22
2026-05-26;Agent_47;06:00;10:00;6;10;4;22
2026-05-27;Agent_01;08:00;16:00;8;16;8;22
2026-05-27;Agent_02;09:00;17:00;9;17;8;22
2026-05-27;Agent_03;09:00;17:00;9;17;8;22
2026-05-27;Agent_04;12:00;20:00;12;20;8;22
2026-05-27;Agent_05;15:00;23:00;15;23;8;22
2026-05-27;Agent_06;08:00;16:00;8;16;8;22
2026-05-27;Agent_07;13:00;21:00;13;21;8;22
2026-05-27;Agent_08;16:00;00:00;16;24;8;22
2026-05-27;Agent_09;14:00;22:00;14;22;8;22
2026-05-27;Agent_11;08:00;16:00;8;16;8;22
2026-05-27;Agent_12;12:00;20:00;12;20;8;22
2026-05-27;Agent_14;13:00;21:00;13;21;8;22
2026-05-27;Agent_16;09:00;17:00;9;17;8;22
2026-05-27;Agent_17;15:00;23:00;15;23;8;22
2026-05-27;Agent_18;16:00;00:00;16;24;8;22
2026-05-27;Agent_19;11:00;19:00;11;19;8;22
2026-05-27;Agent_20;11:00;19:00;11;19;8;22
2026-05-27;Agent_23;09:00;17:00;9;17;8;22
2026-05-27;Agent_24;10:00;18:00;10;18;8;22
2026-05-27;Agent_25;10:00;18:00;10;18;8;22
2026-05-27;Agent_27;00:00;04:00;24;4;4;22
2026-05-27;Agent_31;04:00;08:00;4;8;4;22
2026-05-27;Agent_32;05:00;09:00;5;9;4;22
2026-05-27;Agent_35;00:00;04:00;24;4;4;22
2026-05-27;Agent_38;07:00;11:00;7;11;4;22
2026-05-27;Agent_39;00:00;04:00;24;4;4;22
2026-05-27;Agent_40;07:00;11:00;7;11;4;22
2026-05-27;Agent_41;04:00;08:00;4;8;4;22
2026-05-27;Agent_44;05:00;09:00;5;9;4;22
2026-05-27;Agent_47;00:00;04:00;24;4;4;22
2026-05-27;Agent_48;00:00;04:00;24;4;4;22
2026-05-28;Agent_01;08:00;16:00;8;16;8;22
2026-05-28;Agent_02;10:00;18:00;10;18;8;22
2026-05-28;Agent_04;09:00;17:00;9;17;8;22
2026-05-28;Agent_05;09:00;17:00;9;17;8;22
2026-05-28;Agent_08;14:00;22:00;14;22;8;22
2026-05-28;Agent_09;13:00;21:00;13;21;8;22
2026-05-28;Agent_10;16:00;00:00;16;24;8;22
2026-05-28;Agent_11;12:00;20:00;12;20;8;22
2026-05-28;Agent_12;09:00;17:00;9;17;8;22
2026-05-28;Agent_13;10:00;18:00;10;18;8;22
2026-05-28;Agent_14;10:00;18:00;10;18;8;22
2026-05-28;Agent_15;14:00;22:00;14;22;8;22
2026-05-28;Agent_18;12:00;20:00;12;20;8;22
2026-05-28;Agent_19;16:00;00:00;16;24;8;22
2026-05-28;Agent_20;16:00;00:00;16;24;8;22
2026-05-28;Agent_21;08:00;16:00;8;16;8;22
2026-05-28;Agent_22;08:00;16:00;8;16;8;22
2026-05-28;Agent_23;09:00;17:00;9;17;8;22
2026-05-28;Agent_24;09:00;17:00;9;17;8;22
2026-05-28;Agent_26;00:00;04:00;24;4;4;22
2026-05-28;Agent_27;00:00;04:00;24;4;4;22
2026-05-28;Agent_28;04:00;08:00;4;8;4;22
2026-05-28;Agent_29;02:00;06:00;2;6;4;22
2026-05-28;Agent_34;00:00;04:00;24;4;4;22
2026-05-28;Agent_41;05:00;09:00;5;9;4;22
2026-05-28;Agent_43;07:00;11:00;7;11;4;22
2026-05-28;Agent_44;06:00;10:00;6;10;4;22
2026-05-28;Agent_50;00:00;04:00;24;4;4;22
2026-05-29;Agent_01;09:00;17:00;9;17;8;22
2026-05-29;Agent_02;13:00;21:00;13;21;8;22
2026-05-29;Agent_03;12:00;20:00;12;20;8;22
2026-05-29;Agent_05;10:00;18:00;10;18;8;22
2026-05-29;Agent_06;15:00;23:00;15;23;8;22
2026-05-29;Agent_07;10:00;18:00;10;18;8;22
2026-05-29;Agent_09;10:00;18:00;10;18;8;22
2026-05-29;Agent_11;08:00;16:00;8;16;8;22
2026-05-29;Agent_12;16:00;00:00;16;24;8;22
2026-05-29;Agent_13;11:00;19:00;11;19;8;22
2026-05-29;Agent_14;09:00;17:00;9;17;8;22
2026-05-29;Agent_16;11:00;19:00;11;19;8;22
2026-05-29;Agent_17;08:00;16:00;8;16;8;22
2026-05-29;Agent_19;11:00;19:00;11;19;8;22
2026-05-29;Agent_20;16:00;00:00;16;24;8;22
2026-05-29;Agent_21;10:00;18:00;10;18;8;22
2026-05-29;Agent_22;13:00;21:00;13;21;8;22
2026-05-29;Agent_23;14:00;22:00;14;22;8;22
2026-05-29;Agent_24;13:00;21:00;13;21;8;22
2026-05-29;Agent_25;16:00;00:00;16;24;8;22
2026-05-29;Agent_26;06:00;10:00;6;10;4;22
2026-05-29;Agent_30;04:00;08:00;4;8;4;22
2026-05-29;Agent_31;07:00;11:00;7;11;4;22
2026-05-29;Agent_34;05:00;09:00;5;9;4;22
2026-05-29;Agent_39;00:00;04:00;24;4;4;22
2026-05-29;Agent_42;07:00;11:00;7;11;4;22
2026-05-29;Agent_43;00:00;04:00;24;4;4;22
2026-05-29;Agent_44;00:00;04:00;24;4;4;22
2026-05-29;Agent_46;00:00;04:00;24;4;4;22
2026-05-29;Agent_49;03:00;07:00;3;7;4;22
2026-05-29;Agent_50;00:00;04:00;24;4;4;22
2026-06-01;Agent_01;08:00;16:00;8;16;8;23
2026-06-01;Agent_04;12:00;20:00;12;20;8;23
2026-06-01;Agent_05;16:00;00:00;16;24;8;23
2026-06-01;Agent_07;15:00;23:00;15;23;8;23
2026-06-01;Agent_08;16:00;00:00;16;24;8;23
2026-06-01;Agent_09;09:00;17:00;9;17;8;23
2026-06-01;Agent_12;08:00;16:00;8;16;8;23
2026-06-01;Agent_13;14:00;22:00;14;22;8;23
2026-06-01;Agent_14;09:00;17:00;9;17;8;23
2026-06-01;Agent_16;10:00;18:00;10;18;8;23
2026-06-01;Agent_17;13:00;21:00;13;21;8;23
2026-06-01;Agent_18;10:00;18:00;10;18;8;23
2026-06-01;Agent_19;16:00;00:00;16;24;8;23
2026-06-01;Agent_20;14:00;22:00;14;22;8;23
2026-06-01;Agent_22;13:00;21:00;13;21;8;23
2026-06-01;Agent_23;11:00;19:00;11;19;8;23
2026-06-01;Agent_24;12:00;20:00;12;20;8;23
2026-06-01;Agent_25;09:00;17:00;9;17;8;23
2026-06-01;Agent_29;08:00;12:00;8;12;4;23
2026-06-01;Agent_32;00:00;04:00;24;4;4;23
2026-06-01;Agent_37;04:00;08:00;4;8;4;23
2026-06-01;Agent_38;04:00;08:00;4;8;4;23
2026-06-01;Agent_39;05:00;09:00;5;9;4;23
2026-06-01;Agent_43;06:00;10:00;6;10;4;23
2026-06-01;Agent_44;00:00;04:00;24;4;4;23
2026-06-01;Agent_45;00:00;04:00;24;4;4;23
2026-06-01;Agent_47;06:00;10:00;6;10;4;23
2026-06-01;Agent_49;00:00;04:00;24;4;4;23
2026-06-02;Agent_02;09:00;17:00;9;17;8;23
2026-06-02;Agent_04;14:00;22:00;14;22;8;23
2026-06-02;Agent_05;16:00;00:00;16;24;8;23
2026-06-02;Agent_06;16:00;00:00;16;24;8;23
2026-06-02;Agent_08;09:00;17:00;9;17;8;23
2026-06-02;Agent_09;12:00;20:00;12;20;8;23
2026-06-02;Agent_10;09:00;17:00;9;17;8;23
2026-06-02;Agent_11;11:00;19:00;11;19;8;23
2026-06-02;Agent_13;10:00;18:00;10;18;8;23
2026-06-02;Agent_16;08:00;16:00;8;16;8;23
2026-06-02;Agent_17;11:00;19:00;11;19;8;23
2026-06-02;Agent_19;14:00;22:00;14;22;8;23
2026-06-02;Agent_21;08:00;16:00;8;16;8;23
2026-06-02;Agent_22;15:00;23:00;15;23;8;23
2026-06-02;Agent_23;15:00;23:00;15;23;8;23
2026-06-02;Agent_25;08:00;16:00;8;16;8;23
2026-06-02;Agent_28;00:00;04:00;24;4;4;23
2026-06-02;Agent_30;00:00;04:00;24;4;4;23
2026-06-02;Agent_31;04:00;08:00;4;8;4;23
2026-06-02;Agent_33;00:00;04:00;24;4;4;23
2026-06-02;Agent_36;00:00;04:00;24;4;4;23
2026-06-02;Agent_43;05:00;09:00;5;9;4;23
2026-06-02;Agent_46;04:00;08:00;4;8;4;23
2026-06-02;Agent_49;07:00;11:00;7;11;4;23
2026-06-03;Agent_02;09:00;17:00;9;17;8;23
2026-06-03;Agent_03;16:00;00:00;16;24;8;23
2026-06-03;Agent_04;15:00;23:00;15;23;8;23
2026-06-03;Agent_05;14:00;22:00;14;22;8;23
2026-06-03;Agent_06;16:00;00:00;16;24;8;23
2026-06-03;Agent_07;10:00;18:00;10;18;8;23
2026-06-03;Agent_08;10:00;18:00;10;18;8;23
2026-06-03;Agent_10;16:00;00:00;16;24;8;23
2026-06-03;Agent_12;15:00;23:00;15;23;8;23
2026-06-03;Agent_14;13:00;21:00;13;21;8;23
2026-06-03;Agent_16;10:00;18:00;10;18;8;23
2026-06-03;Agent_17;11:00;19:00;11;19;8;23
2026-06-03;Agent_19;09:00;17:00;9;17;8;23
2026-06-03;Agent_21;11:00;19:00;11;19;8;23
2026-06-03;Agent_23;11:00;19:00;11;19;8;23
2026-06-03;Agent_25;10:00;18:00;10;18;8;23
2026-06-03;Agent_27;00:00;04:00;24;4;4;23
2026-06-03;Agent_28;00:00;04:00;24;4;4;23
2026-06-03;Agent_32;04:00;08:00;4;8;4;23
2026-06-03;Agent_34;05:00;09:00;5;9;4;23
2026-06-03;Agent_36;06:00;10:00;6;10;4;23
2026-06-03;Agent_37;00:00;04:00;24;4;4;23
2026-06-03;Agent_40;00:00;04:00;24;4;4;23
2026-06-03;Agent_41;06:00;10:00;6;10;4;23
2026-06-03;Agent_42;03:00;07:00;3;7;4;23
2026-06-03;Agent_44;00:00;04:00;24;4;4;23
2026-06-03;Agent_45;04:00;08:00;4;8;4;23
2026-06-03;Agent_50;08:00;12:00;8;12;4;23
2026-06-04;Agent_02;13:00;21:00;13;21;8;23
2026-06-04;Agent_03;08:00;16:00;8;16;8;23
2026-06-04;Agent_04;15:00;23:00;15;23;8;23
2026-06-04;Agent_06;15:00;23:00;15;23;8;23
2026-06-04;Agent_07;10:00;18:00;10;18;8;23
2026-06-04;Agent_08;11:00;19:00;11;19;8;23
2026-06-04;Agent_09;16:00;00:00;16;24;8;23
2026-06-04;Agent_10;16:00;00:00;16;24;8;23
2026-06-04;Agent_11;16:00;00:00;16;24;8;23
2026-06-04;Agent_12;11:00;19:00;11;19;8;23
2026-06-04;Agent_13;11:00;19:00;11;19;8;23
2026-06-04;Agent_14;12:00;20:00;12;20;8;23
2026-06-04;Agent_15;09:00;17:00;9;17;8;23
2026-06-04;Agent_16;12:00;20:00;12;20;8;23
2026-06-04;Agent_17;08:00;16:00;8;16;8;23
2026-06-04;Agent_18;08:00;16:00;8;16;8;23
2026-06-04;Agent_19;12:00;20:00;12;20;8;23
2026-06-04;Agent_20;10:00;18:00;10;18;8;23
2026-06-04;Agent_22;08:00;16:00;8;16;8;23
2026-06-04;Agent_23;09:00;17:00;9;17;8;23
2026-06-04;Agent_24;15:00;23:00;15;23;8;23
2026-06-04;Agent_29;00:00;04:00;24;4;4;23
2026-06-04;Agent_31;04:00;08:00;4;8;4;23
2026-06-04;Agent_34;06:00;10:00;6;10;4;23
2026-06-04;Agent_36;00:00;04:00;24;4;4;23
2026-06-04;Agent_38;05:00;09:00;5;9;4;23
2026-06-04;Agent_39;04:00;08:00;4;8;4;23
2026-06-04;Agent_40;00:00;04:00;24;4;4;23
2026-06-04;Agent_42;07:00;11:00;7;11;4;23
2026-06-04;Agent_50;00:00;04:00;24;4;4;23
2026-06-05;Agent_01;09:00;17:00;9;17;8;23
2026-06-05;Agent_02;10:00;18:00;10;18;8;23
2026-06-05;Agent_04;11:00;19:00;11;19;8;23
2026-06-05;Agent_05;10:00;18:00;10;18;8;23
2026-06-05;Agent_07;14:00;22:00;14;22;8;23
2026-06-05;Agent_09;14:00;22:00;14;22;8;23
2026-06-05;Agent_13;14:00;22:00;14;22;8;23
2026-06-05;Agent_14;12:00;20:00;12;20;8;23
2026-06-05;Agent_15;10:00;18:00;10;18;8;23
2026-06-05;Agent_16;08:00;16:00;8;16;8;23
2026-06-05;Agent_17;16:00;00:00;16;24;8;23
2026-06-05;Agent_18;15:00;23:00;15;23;8;23
2026-06-05;Agent_19;10:00;18:00;10;18;8;23
2026-06-05;Agent_21;13:00;21:00;13;21;8;23
2026-06-05;Agent_22;16:00;00:00;16;24;8;23
2026-06-05;Agent_23;11:00;19:00;11;19;8;23
2026-06-05;Agent_25;10:00;18:00;10;18;8;23
2026-06-05;Agent_29;03:00;07:00;3;7;4;23
2026-06-05;Agent_33;00:00;04:00;24;4;4;23
2026-06-05;Agent_36;06:00;10:00;6;10;4;23
2026-06-05;Agent_37;00:00;04:00;24;4;4;23
2026-06-05;Agent_43;00:00;04:00;24;4;4;23
2026-06-05;Agent_45;07:00;11:00;7;11;4;23
2026-06-05;Agent_46;05:00;09:00;5;9;4;23
2026-06-05;Agent_49;00:00;04:00;24;4;4;23
2026-06-08;Agent_01;11:00;19:00;11;19;8;24
2026-06-08;Agent_02;15:00;23:00;15;23;8;24
2026-06-08;Agent_04;09:00;17:00;9;17;8;24
2026-06-08;Agent_07;14:00;22:00;14;22;8;24
2026-06-08;Agent_09;16:00;00:00;16;24;8;24
2026-06-08;Agent_10;10:00;18:00;10;18;8;24
2026-06-08;Agent_11;15:00;23:00;15;23;8;24
2026-06-08;Agent_12;10:00;18:00;10;18;8;24
2026-06-08;Agent_13;12:00;20:00;12;20;8;24
2026-06-08;Agent_16;09:00;17:00;9;17;8;24
2026-06-08;Agent_17;13:00;21:00;13;21;8;24
2026-06-08;Agent_19;11:00;19:00;11;19;8;24
2026-06-08;Agent_20;09:00;17:00;9;17;8;24
2026-06-08;Agent_21;16:00;00:00;16;24;8;24
2026-06-08;Agent_22;08:00;16:00;8;16;8;24
2026-06-08;Agent_23;16:00;00:00;16;24;8;24
2026-06-08;Agent_24;10:00;18:00;10;18;8;24
2026-06-08;Agent_25;13:00;21:00;13;21;8;24
2026-06-08;Agent_26;05:00;09:00;5;9;4;24
2026-06-08;Agent_32;06:00;10:00;6;10;4;24
2026-06-08;Agent_34;04:00;08:00;4;8;4;24
2026-06-08;Agent_38;08:00;12:00;8;12;4;24
2026-06-08;Agent_39;04:00;08:00;4;8;4;24
2026-06-08;Agent_40;07:00;11:00;7;11;4;24
2026-06-08;Agent_41;00:00;04:00;24;4;4;24
2026-06-08;Agent_47;00:00;04:00;24;4;4;24
2026-06-08;Agent_49;00:00;04:00;24;4;4;24
2026-06-09;Agent_01;16:00;00:00;16;24;8;24
2026-06-09;Agent_03;08:00;16:00;8;16;8;24
2026-06-09;Agent_04;09:00;17:00;9;17;8;24
2026-06-09;Agent_05;11:00;19:00;11;19;8;24
2026-06-09;Agent_06;08:00;16:00;8;16;8;24
2026-06-09;Agent_08;15:00;23:00;15;23;8;24
2026-06-09;Agent_11;15:00;23:00;15;23;8;24
2026-06-09;Agent_12;09:00;17:00;9;17;8;24
2026-06-09;Agent_15;10:00;18:00;10;18;8;24
2026-06-09;Agent_16;12:00;20:00;12;20;8;24
2026-06-09;Agent_17;10:00;18:00;10;18;8;24
2026-06-09;Agent_18;09:00;17:00;9;17;8;24
2026-06-09;Agent_19;15:00;23:00;15;23;8;24
2026-06-09;Agent_22;14:00;22:00;14;22;8;24
2026-06-09;Agent_23;16:00;00:00;16;24;8;24
2026-06-09;Agent_24;11:00;19:00;11;19;8;24
2026-06-09;Agent_28;00:00;04:00;24;4;4;24
2026-06-09;Agent_29;00:00;04:00;24;4;4;24
2026-06-09;Agent_31;00:00;04:00;24;4;4;24
2026-06-09;Agent_35;06:00;10:00;6;10;4;24
2026-06-09;Agent_39;03:00;07:00;3;7;4;24
2026-06-09;Agent_44;07:00;11:00;7;11;4;24
2026-06-09;Agent_45;07:00;11:00;7;11;4;24
2026-06-09;Agent_48;04:00;08:00;4;8;4;24
2026-06-10;Agent_01;15:00;23:00;15;23;8;24
2026-06-10;Agent_02;13:00;21:00;13;21;8;24
2026-06-10;Agent_03;16:00;00:00;16;24;8;24
2026-06-10;Agent_04;16:00;00:00;16;24;8;24
2026-06-10;Agent_05;10:00;18:00;10;18;8;24
2026-06-10;Agent_06;14:00;22:00;14;22;8;24
2026-06-10;Agent_10;09:00;17:00;9;17;8;24
2026-06-10;Agent_12;12:00;20:00;12;20;8;24
2026-06-10;Agent_14;16:00;00:00;16;24;8;24
2026-06-10;Agent_15;13:00;21:00;13;21;8;24
2026-06-10;Agent_16;10:00;18:00;10;18;8;24
2026-06-10;Agent_17;12:00;20:00;12;20;8;24
2026-06-10;Agent_18;11:00;19:00;11;19;8;24
2026-06-10;Agent_19;10:00;18:00;10;18;8;24
2026-06-10;Agent_20;09:00;17:00;9;17;8;24
2026-06-10;Agent_21;10:00;18:00;10;18;8;24
2026-06-10;Agent_23;09:00;17:00;9;17;8;24
2026-06-10;Agent_24;14:00;22:00;14;22;8;24
2026-06-10;Agent_25;08:00;16:00;8;16;8;24
2026-06-10;Agent_26;00:00;04:00;24;4;4;24
2026-06-10;Agent_27;00:00;04:00;24;4;4;24
2026-06-10;Agent_34;03:00;07:00;3;7;4;24
2026-06-10;Agent_37;06:00;10:00;6;10;4;24
2026-06-10;Agent_38;00:00;04:00;24;4;4;24
2026-06-10;Agent_42;06:00;10:00;6;10;4;24
2026-06-10;Agent_43;05:00;09:00;5;9;4;24
2026-06-10;Agent_46;00:00;04:00;24;4;4;24
2026-06-10;Agent_47;03:00;07:00;3;7;4;24
2026-06-10;Agent_50;00:00;04:00;24;4;4;24
2026-06-11;Agent_01;13:00;21:00;13;21;8;24
2026-06-11;Agent_02;15:00;23:00;15;23;8;24
2026-06-11;Agent_03;08:00;16:00;8;16;8;24
2026-06-11;Agent_04;16:00;00:00;16;24;8;24
2026-06-11;Agent_05;11:00;19:00;11;19;8;24
2026-06-11;Agent_07;09:00;17:00;9;17;8;24
2026-06-11;Agent_08;14:00;22:00;14;22;8;24
2026-06-11;Agent_09;14:00;22:00;14;22;8;24
2026-06-11;Agent_10;14:00;22:00;14;22;8;24
2026-06-11;Agent_11;08:00;16:00;8;16;8;24
2026-06-11;Agent_12;08:00;16:00;8;16;8;24
2026-06-11;Agent_13;12:00;20:00;12;20;8;24
2026-06-11;Agent_14;10:00;18:00;10;18;8;24
2026-06-11;Agent_15;11:00;19:00;11;19;8;24
2026-06-11;Agent_16;16:00;00:00;16;24;8;24
2026-06-11;Agent_20;16:00;00:00;16;24;8;24
2026-06-11;Agent_21;12:00;20:00;12;20;8;24
2026-06-11;Agent_22;11:00;19:00;11;19;8;24
2026-06-11;Agent_23;09:00;17:00;9;17;8;24
2026-06-11;Agent_24;10:00;18:00;10;18;8;24
2026-06-11;Agent_26;06:00;10:00;6;10;4;24
2026-06-11;Agent_30;00:00;04:00;24;4;4;24
2026-06-11;Agent_34;04:00;08:00;4;8;4;24
2026-06-11;Agent_40;00:00;04:00;24;4;4;24
2026-06-11;Agent_43;00:00;04:00;24;4;4;24
2026-06-11;Agent_45;07:00;11:00;7;11;4;24
2026-06-11;Agent_48;06:00;10:00;6;10;4;24
2026-06-12;Agent_03;16:00;00:00;16;24;8;24
2026-06-12;Agent_04;09:00;17:00;9;17;8;24
2026-06-12;Agent_06;08:00;16:00;8;16;8;24
2026-06-12;Agent_07;14:00;22:00;14;22;8;24
2026-06-12;Agent_08;11:00;19:00;11;19;8;24
2026-06-12;Agent_10;11:00;19:00;11;19;8;24
2026-06-12;Agent_11;15:00;23:00;15;23;8;24
2026-06-12;Agent_14;08:00;16:00;8;16;8;24
2026-06-12;Agent_15;12:00;20:00;12;20;8;24
2026-06-12;Agent_16;10:00;18:00;10;18;8;24
2026-06-12;Agent_17;10:00;18:00;10;18;8;24
2026-06-12;Agent_18;16:00;00:00;16;24;8;24
2026-06-12;Agent_20;13:00;21:00;13;21;8;24
2026-06-12;Agent_21;10:00;18:00;10;18;8;24
2026-06-12;Agent_22;08:00;16:00;8;16;8;24
2026-06-12;Agent_23;10:00;18:00;10;18;8;24
2026-06-12;Agent_24;14:00;22:00;14;22;8;24
2026-06-12;Agent_26;06:00;10:00;6;10;4;24
2026-06-12;Agent_31;00:00;04:00;24;4;4;24
2026-06-12;Agent_38;00:00;04:00;24;4;4;24
2026-06-12;Agent_39;05:00;09:00;5;9;4;24
2026-06-12;Agent_40;04:00;08:00;4;8;4;24
2026-06-12;Agent_41;00:00;04:00;24;4;4;24
2026-06-12;Agent_49;06:00;10:00;6;10;4;24
2026-06-12;Agent_50;07:00;11:00;7;11;4;24
2026-06-15;Agent_01;15:00;23:00;15;23;8;25
2026-06-15;Agent_02;09:00;17:00;9;17;8;25
2026-06-15;Agent_03;10:00;18:00;10;18;8;25
2026-06-15;Agent_04;10:00;18:00;10;18;8;25
2026-06-15;Agent_06;12:00;20:00;12;20;8;25
2026-06-15;Agent_07;11:00;19:00;11;19;8;25
2026-06-15;Agent_09;15:00;23:00;15;23;8;25
2026-06-15;Agent_11;16:00;00:00;16;24;8;25
2026-06-15;Agent_12;11:00;19:00;11;19;8;25
2026-06-15;Agent_13;09:00;17:00;9;17;8;25
2026-06-15;Agent_14;15:00;23:00;15;23;8;25
2026-06-15;Agent_16;16:00;00:00;16;24;8;25
2026-06-15;Agent_19;12:00;20:00;12;20;8;25
2026-06-15;Agent_20;13:00;21:00;13;21;8;25
2026-06-15;Agent_21;16:00;00:00;16;24;8;25
2026-06-15;Agent_22;13:00;21:00;13;21;8;25
2026-06-15;Agent_25;08:00;16:00;8;16;8;25
2026-06-15;Agent_27;00:00;04:00;24;4;4;25
2026-06-15;Agent_31;07:00;11:00;7;11;4;25
2026-06-15;Agent_33;04:00;08:00;4;8;4;25
2026-06-15;Agent_34;08:00;12:00;8;12;4;25
2026-06-15;Agent_36;02:00;06:00;2;6;4;25
2026-06-15;Agent_40;00:00;04:00;24;4;4;25
2026-06-15;Agent_43;00:00;04:00;24;4;4;25
2026-06-15;Agent_44;06:00;10:00;6;10;4;25
2026-06-15;Agent_50;00:00;04:00;24;4;4;25
2026-06-16;Agent_01;15:00;23:00;15;23;8;25
2026-06-16;Agent_02;11:00;19:00;11;19;8;25
2026-06-16;Agent_04;09:00;17:00;9;17;8;25
2026-06-16;Agent_05;08:00;16:00;8;16;8;25
2026-06-16;Agent_06;14:00;22:00;14;22;8;25
2026-06-16;Agent_07;11:00;19:00;11;19;8;25
2026-06-16;Agent_08;12:00;20:00;12;20;8;25
2026-06-16;Agent_09;13:00;21:00;13;21;8;25
2026-06-16;Agent_11;12:00;20:00;12;20;8;25
2026-06-16;Agent_12;08:00;16:00;8;16;8;25
2026-06-16;Agent_13;09:00;17:00;9;17;8;25
2026-06-16;Agent_14;13:00;21:00;13;21;8;25
2026-06-16;Agent_15;09:00;17:00;9;17;8;25
2026-06-16;Agent_21;09:00;17:00;9;17;8;25
2026-06-16;Agent_22;16:00;00:00;16;24;8;25
2026-06-16;Agent_23;16:00;00:00;16;24;8;25
2026-06-16;Agent_27;04:00;08:00;4;8;4;25
2026-06-16;Agent_32;07:00;11:00;7;11;4;25
2026-06-16;Agent_36;00:00;04:00;24;4;4;25
2026-06-16;Agent_38;00:00;04:00;24;4;4;25
2026-06-16;Agent_41;06:00;10:00;6;10;4;25
2026-06-16;Agent_42;00:00;04:00;24;4;4;25
2026-06-16;Agent_44;04:00;08:00;4;8;4;25
2026-06-16;Agent_48;00:00;04:00;24;4;4;25
2026-06-17;Agent_04;08:00;16:00;8;16;8;25
2026-06-17;Agent_06;16:00;00:00;16;24;8;25
2026-06-17;Agent_07;09:00;17:00;9;17;8;25
2026-06-17;Agent_08;10:00;18:00;10;18;8;25
2026-06-17;Agent_11;15:00;23:00;15;23;8;25
2026-06-17;Agent_13;16:00;00:00;16;24;8;25
2026-06-17;Agent_14;13:00;21:00;13;21;8;25
2026-06-17;Agent_17;16:00;00:00;16;24;8;25
2026-06-17;Agent_18;12:00;20:00;12;20;8;25
2026-06-17;Agent_20;12:00;20:00;12;20;8;25
2026-06-17;Agent_21;08:00;16:00;8;16;8;25
2026-06-17;Agent_22;10:00;18:00;10;18;8;25
2026-06-17;Agent_23;15:00;23:00;15;23;8;25
2026-06-17;Agent_24;09:00;17:00;9;17;8;25
2026-06-17;Agent_25;09:00;17:00;9;17;8;25
2026-06-17;Agent_26;00:00;04:00;24;4;4;25
2026-06-17;Agent_29;08:00;12:00;8;12;4;25
2026-06-17;Agent_30;04:00;08:00;4;8;4;25
2026-06-17;Agent_33;06:00;10:00;6;10;4;25
2026-06-17;Agent_35;06:00;10:00;6;10;4;25
2026-06-17;Agent_37;03:00;07:00;3;7;4;25
2026-06-17;Agent_43;01:00;05:00;1;5;4;25
2026-06-17;Agent_45;06:00;10:00;6;10;4;25
2026-06-17;Agent_50;00:00;04:00;24;4;4;25
2026-06-18;Agent_01;08:00;16:00;8;16;8;25
2026-06-18;Agent_02;09:00;17:00;9;17;8;25
2026-06-18;Agent_03;13:00;21:00;13;21;8;25
2026-06-18;Agent_04;08:00;16:00;8;16;8;25
2026-06-18;Agent_05;08:00;16:00;8;16;8;25
2026-06-18;Agent_06;10:00;18:00;10;18;8;25
2026-06-18;Agent_07;14:00;22:00;14;22;8;25
2026-06-18;Agent_09;15:00;23:00;15;23;8;25
2026-06-18;Agent_12;13:00;21:00;13;21;8;25
2026-06-18;Agent_13;16:00;00:00;16;24;8;25
2026-06-18;Agent_14;11:00;19:00;11;19;8;25
2026-06-18;Agent_15;12:00;20:00;12;20;8;25
2026-06-18;Agent_16;11:00;19:00;11;19;8;25
2026-06-18;Agent_17;16:00;00:00;16;24;8;25
2026-06-18;Agent_18;16:00;00:00;16;24;8;25
2026-06-18;Agent_19;09:00;17:00;9;17;8;25
2026-06-18;Agent_20;10:00;18:00;10;18;8;25
2026-06-18;Agent_23;08:00;16:00;8;16;8;25
2026-06-18;Agent_24;10:00;18:00;10;18;8;25
2026-06-18;Agent_25;11:00;19:00;11;19;8;25
2026-06-18;Agent_27;05:00;09:00;5;9;4;25
2026-06-18;Agent_32;00:00;04:00;24;4;4;25
2026-06-18;Agent_35;04:00;08:00;4;8;4;25
2026-06-18;Agent_36;00:00;04:00;24;4;4;25
2026-06-18;Agent_38;05:00;09:00;5;9;4;25
2026-06-18;Agent_40;00:00;04:00;24;4;4;25
2026-06-18;Agent_44;04:00;08:00;4;8;4;25
2026-06-19;Agent_01;09:00;17:00;9;17;8;25
2026-06-19;Agent_02;10:00;18:00;10;18;8;25
2026-06-19;Agent_03;08:00;16:00;8;16;8;25
2026-06-19;Agent_04;15:00;23:00;15;23;8;25
2026-06-19;Agent_07;10:00;18:00;10;18;8;25
2026-06-19;Agent_10;16:00;00:00;16;24;8;25
2026-06-19;Agent_11;12:00;20:00;12;20;8;25
2026-06-19;Agent_12;15:00;23:00;15;23;8;25
2026-06-19;Agent_13;12:00;20:00;12;20;8;25
2026-06-19;Agent_14;11:00;19:00;11;19;8;25
2026-06-19;Agent_16;13:00;21:00;13;21;8;25
2026-06-19;Agent_17;10:00;18:00;10;18;8;25
2026-06-19;Agent_19;15:00;23:00;15;23;8;25
2026-06-19;Agent_20;12:00;20:00;12;20;8;25
2026-06-19;Agent_26;05:00;09:00;5;9;4;25
2026-06-19;Agent_30;00:00;04:00;24;4;4;25
2026-06-19;Agent_33;05:00;09:00;5;9;4;25
2026-06-19;Agent_36;02:00;06:00;2;6;4;25
2026-06-19;Agent_37;00:00;04:00;24;4;4;25
2026-06-19;Agent_39;06:00;10:00;6;10;4;25
2026-06-19;Agent_41;00:00;04:00;24;4;4;25
2026-06-19;Agent_42;08:00;12:00;8;12;4;25
2026-06-19;Agent_43;07:00;11:00;7;11;4;25
2026-06-19;Agent_50;00:00;04:00;24;4;4;25
2026-06-22;Agent_01;16:00;00:00;16;24;8;26
2026-06-22;Agent_03;11:00;19:00;11;19;8;26
2026-06-22;Agent_05;16:00;00:00;16;24;8;26
2026-06-22;Agent_07;14:00;22:00;14;22;8;26
2026-06-22;Agent_08;08:00;16:00;8;16;8;26
2026-06-22;Agent_09;09:00;17:00;9;17;8;26
2026-06-22;Agent_10;10:00;18:00;10;18;8;26
2026-06-22;Agent_11;14:00;22:00;14;22;8;26
2026-06-22;Agent_13;14:00;22:00;14;22;8;26
2026-06-22;Agent_15;14:00;22:00;14;22;8;26
2026-06-22;Agent_16;08:00;16:00;8;16;8;26
2026-06-22;Agent_17;16:00;00:00;16;24;8;26
2026-06-22;Agent_18;12:00;20:00;12;20;8;26
2026-06-22;Agent_19;08:00;16:00;8;16;8;26
2026-06-22;Agent_21;11:00;19:00;11;19;8;26
2026-06-22;Agent_23;13:00;21:00;13;21;8;26
2026-06-22;Agent_24;09:00;17:00;9;17;8;26
2026-06-22;Agent_25;09:00;17:00;9;17;8;26
2026-06-22;Agent_26;05:00;09:00;5;9;4;26
2026-06-22;Agent_28;00:00;04:00;24;4;4;26
2026-06-22;Agent_32;00:00;04:00;24;4;4;26
2026-06-22;Agent_34;04:00;08:00;4;8;4;26
2026-06-22;Agent_35;00:00;04:00;24;4;4;26
2026-06-22;Agent_47;04:00;08:00;4;8;4;26
2026-06-22;Agent_49;00:00;04:00;24;4;4;26
2026-06-22;Agent_50;07:00;11:00;7;11;4;26
2026-06-23;Agent_02;08:00;16:00;8;16;8;26
2026-06-23;Agent_03;09:00;17:00;9;17;8;26
2026-06-23;Agent_04;08:00;16:00;8;16;8;26
2026-06-23;Agent_06;14:00;22:00;14;22;8;26
2026-06-23;Agent_08;08:00;16:00;8;16;8;26
2026-06-23;Agent_09;10:00;18:00;10;18;8;26
2026-06-23;Agent_10;11:00;19:00;11;19;8;26
2026-06-23;Agent_12;14:00;22:00;14;22;8;26
2026-06-23;Agent_13;09:00;17:00;9;17;8;26
2026-06-23;Agent_14;12:00;20:00;12;20;8;26
2026-06-23;Agent_15;12:00;20:00;12;20;8;26
2026-06-23;Agent_16;13:00;21:00;13;21;8;26
2026-06-23;Agent_18;16:00;00:00;16;24;8;26
2026-06-23;Agent_19;16:00;00:00;16;24;8;26
2026-06-23;Agent_20;09:00;17:00;9;17;8;26
2026-06-23;Agent_21;10:00;18:00;10;18;8;26
2026-06-23;Agent_22;10:00;18:00;10;18;8;26
2026-06-23;Agent_25;09:00;17:00;9;17;8;26
2026-06-23;Agent_30;04:00;08:00;4;8;4;26
2026-06-23;Agent_32;05:00;09:00;5;9;4;26
2026-06-23;Agent_33;06:00;10:00;6;10;4;26
2026-06-23;Agent_34;00:00;04:00;24;4;4;26
2026-06-23;Agent_36;00:00;04:00;24;4;4;26
2026-06-23;Agent_41;04:00;08:00;4;8;4;26
2026-06-23;Agent_46;00:00;04:00;24;4;4;26
2026-06-23;Agent_48;00:00;04:00;24;4;4;26
2026-06-24;Agent_01;11:00;19:00;11;19;8;26
2026-06-24;Agent_03;13:00;21:00;13;21;8;26
2026-06-24;Agent_04;09:00;17:00;9;17;8;26
2026-06-24;Agent_05;14:00;22:00;14;22;8;26
2026-06-24;Agent_09;08:00;16:00;8;16;8;26
2026-06-24;Agent_10;09:00;17:00;9;17;8;26
2026-06-24;Agent_11;16:00;00:00;16;24;8;26
2026-06-24;Agent_13;12:00;20:00;12;20;8;26
2026-06-24;Agent_14;12:00;20:00;12;20;8;26
2026-06-24;Agent_15;13:00;21:00;13;21;8;26
2026-06-24;Agent_17;11:00;19:00;11;19;8;26
2026-06-24;Agent_19;16:00;00:00;16;24;8;26
2026-06-24;Agent_20;14:00;22:00;14;22;8;26
2026-06-24;Agent_21;08:00;16:00;8;16;8;26
2026-06-24;Agent_22;10:00;18:00;10;18;8;26
2026-06-24;Agent_23;09:00;17:00;9;17;8;26
2026-06-24;Agent_27;01:00;05:00;1;5;4;26
2026-06-24;Agent_34;00:00;04:00;24;4;4;26
2026-06-24;Agent_37;07:00;11:00;7;11;4;26
2026-06-24;Agent_38;04:00;08:00;4;8;4;26
2026-06-24;Agent_39;05:00;09:00;5;9;4;26
2026-06-24;Agent_40;00:00;04:00;24;4;4;26
2026-06-24;Agent_42;02:00;06:00;2;6;4;26
2026-06-24;Agent_43;00:00;04:00;24;4;4;26
2026-06-24;Agent_44;06:00;10:00;6;10;4;26
2026-06-24;Agent_49;00:00;04:00;24;4;4;26
2026-06-24;Agent_50;00:00;04:00;24;4;4;26
2026-06-25;Agent_01;09:00;17:00;9;17;8;26
2026-06-25;Agent_03;09:00;17:00;9;17;8;26
2026-06-25;Agent_04;08:00;16:00;8;16;8;26
2026-06-25;Agent_05;08:00;16:00;8;16;8;26
2026-06-25;Agent_06;12:00;20:00;12;20;8;26
2026-06-25;Agent_08;11:00;19:00;11;19;8;26
2026-06-25;Agent_09;13:00;21:00;13;21;8;26
2026-06-25;Agent_10;08:00;16:00;8;16;8;26
2026-06-25;Agent_14;11:00;19:00;11;19;8;26
2026-06-25;Agent_15;11:00;19:00;11;19;8;26
2026-06-25;Agent_16;15:00;23:00;15;23;8;26
2026-06-25;Agent_17;09:00;17:00;9;17;8;26
2026-06-25;Agent_18;13:00;21:00;13;21;8;26
2026-06-25;Agent_19;13:00;21:00;13;21;8;26
2026-06-25;Agent_20;10:00;18:00;10;18;8;26
2026-06-25;Agent_22;16:00;00:00;16;24;8;26
2026-06-25;Agent_23;16:00;00:00;16;24;8;26
2026-06-25;Agent_24;14:00;22:00;14;22;8;26
2026-06-25;Agent_25;09:00;17:00;9;17;8;26
2026-06-25;Agent_26;00:00;04:00;24;4;4;26
2026-06-25;Agent_28;05:00;09:00;5;9;4;26
2026-06-25;Agent_29;04:00;08:00;4;8;4;26
2026-06-25;Agent_32;02:00;06:00;2;6;4;26
2026-06-25;Agent_35;00:00;04:00;24;4;4;26
2026-06-25;Agent_44;00:00;04:00;24;4;4;26
2026-06-25;Agent_47;04:00;08:00;4;8;4;26
2026-06-25;Agent_48;00:00;04:00;24;4;4;26
2026-06-25;Agent_49;06:00;10:00;6;10;4;26
2026-06-26;Agent_01;09:00;17:00;9;17;8;26
2026-06-26;Agent_02;08:00;16:00;8;16;8;26
2026-06-26;Agent_03;09:00;17:00;9;17;8;26
2026-06-26;Agent_05;11:00;19:00;11;19;8;26
2026-06-26;Agent_06;16:00;00:00;16;24;8;26
2026-06-26;Agent_09;15:00;23:00;15;23;8;26
2026-06-26;Agent_10;10:00;18:00;10;18;8;26
2026-06-26;Agent_12;12:00;20:00;12;20;8;26
2026-06-26;Agent_14;16:00;00:00;16;24;8;26
2026-06-26;Agent_15;10:00;18:00;10;18;8;26
2026-06-26;Agent_18;13:00;21:00;13;21;8;26
2026-06-26;Agent_20;15:00;23:00;15;23;8;26
2026-06-26;Agent_21;10:00;18:00;10;18;8;26
2026-06-26;Agent_24;08:00;16:00;8;16;8;26
2026-06-26;Agent_25;11:00;19:00;11;19;8;26
2026-06-26;Agent_27;06:00;10:00;6;10;4;26
2026-06-26;Agent_29;00:00;04:00;24;4;4;26
2026-06-26;Agent_30;00:00;04:00;24;4;4;26
2026-06-26;Agent_31;02:00;06:00;2;6;4;26
2026-06-26;Agent_36;05:00;09:00;5;9;4;26
2026-06-26;Agent_37;03:00;07:00;3;7;4;26
2026-06-26;Agent_42;00:00;04:00;24;4;4;26
2026-06-26;Agent_45;07:00;11:00;7;11;4;26
2026-06-26;Agent_46;05:00;09:00;5;9;4;26
2026-06-26;Agent_48;05:00;09:00;5;9;4;26
2026-06-29;Agent_02;13:00;21:00;13;21;8;27
2026-06-29;Agent_03;16:00;00:00;16;24;8;27
2026-06-29;Agent_04;09:00;17:00;9;17;8;27
2026-06-29;Agent_05;08:00;16:00;8;16;8;27
2026-06-29;Agent_06;11:00;19:00;11;19;8;27
2026-06-29;Agent_07;15:00;23:00;15;23;8;27
2026-06-29;Agent_09;10:00;18:00;10;18;8;27
2026-06-29;Agent_10;16:00;00:00;16;24;8;27
2026-06-29;Agent_11;10:00;18:00;10;18;8;27
2026-06-29;Agent_12;10:00;18:00;10;18;8;27
2026-06-29;Agent_15;11:00;19:00;11;19;8;27
2026-06-29;Agent_17;12:00;20:00;12;20;8;27
2026-06-29;Agent_20;16:00;00:00;16;24;8;27
2026-06-29;Agent_22;15:00;23:00;15;23;8;27
2026-06-29;Agent_23;12:00;20:00;12;20;8;27
2026-06-29;Agent_24;15:00;23:00;15;23;8;27
2026-06-29;Agent_29;00:00;04:00;24;4;4;27
2026-06-29;Agent_33;07:00;11:00;7;11;4;27
2026-06-29;Agent_40;06:00;10:00;6;10;4;27
2026-06-29;Agent_41;00:00;04:00;24;4;4;27
2026-06-29;Agent_42;04:00;08:00;4;8;4;27
2026-06-29;Agent_44;01:00;05:00;1;5;4;27
2026-06-29;Agent_45;05:00;09:00;5;9;4;27
2026-06-29;Agent_46;00:00;04:00;24;4;4;27
2026-06-29;Agent_50;00:00;04:00;24;4;4;27
2026-06-30;Agent_01;15:00;23:00;15;23;8;27
2026-06-30;Agent_03;16:00;00:00;16;24;8;27
2026-06-30;Agent_04;11:00;19:00;11;19;8;27
2026-06-30;Agent_05;08:00;16:00;8;16;8;27
2026-06-30;Agent_07;10:00;18:00;10;18;8;27
2026-06-30;Agent_08;15:00;23:00;15;23;8;27
2026-06-30;Agent_10;12:00;20:00;12;20;8;27
2026-06-30;Agent_13;11:00;19:00;11;19;8;27
2026-06-30;Agent_14;09:00;17:00;9;17;8;27
2026-06-30;Agent_15;16:00;00:00;16;24;8;27
2026-06-30;Agent_16;08:00;16:00;8;16;8;27
2026-06-30;Agent_20;08:00;16:00;8;16;8;27
2026-06-30;Agent_22;15:00;23:00;15;23;8;27
2026-06-30;Agent_24;15:00;23:00;15;23;8;27
2026-06-30;Agent_25;10:00;18:00;10;18;8;27
2026-06-30;Agent_27;05:00;09:00;5;9;4;27
2026-06-30;Agent_30;04:00;08:00;4;8;4;27
2026-06-30;Agent_32;00:00;04:00;24;4;4;27
2026-06-30;Agent_35;00:00;04:00;24;4;4;27
2026-06-30;Agent_38;00:00;04:00;24;4;4;27
2026-06-30;Agent_44;07:00;11:00;7;11;4;27
2026-07-01;Agent_02;11:00;19:00;11;19;8;27
2026-07-01;Agent_04;10:00;18:00;10;18;8;27
2026-07-01;Agent_05;15:00;23:00;15;23;8;27
2026-07-01;Agent_07;09:00;17:00;9;17;8;27
2026-07-01;Agent_08;15:00;23:00;15;23;8;27
2026-07-01;Agent_09;10:00;18:00;10;18;8;27
2026-07-01;Agent_11;13:00;21:00;13;21;8;27
2026-07-01;Agent_12;11:00;19:00;11;19;8;27
2026-07-01;Agent_13;13:00;21:00;13;21;8;27
2026-07-01;Agent_16;08:00;16:00;8;16;8;27
2026-07-01;Agent_17;16:00;00:00;16;24;8;27
2026-07-01;Agent_18;09:00;17:00;9;17;8;27
2026-07-01;Agent_19;10:00;18:00;10;18;8;27
2026-07-01;Agent_20;09:00;17:00;9;17;8;27
2026-07-01;Agent_21;12:00;20:00;12;20;8;27
2026-07-01;Agent_22;09:00;17:00;9;17;8;27
2026-07-01;Agent_23;13:00;21:00;13;21;8;27
2026-07-01;Agent_24;16:00;00:00;16;24;8;27
2026-07-01;Agent_25;12:00;20:00;12;20;8;27
2026-07-01;Agent_27;00:00;04:00;24;4;4;27
2026-07-01;Agent_29;05:00;09:00;5;9;4;27
2026-07-01;Agent_34;00:00;04:00;24;4;4;27
2026-07-01;Agent_35;04:00;08:00;4;8;4;27
2026-07-01;Agent_36;00:00;04:00;24;4;4;27
2026-07-01;Agent_37;04:00;08:00;4;8;4;27
2026-07-01;Agent_38;00:00;04:00;24;4;4;27
2026-07-01;Agent_39;02:00;06:00;2;6;4;27
2026-07-01;Agent_40;07:00;11:00;7;11;4;27
2026-07-01;Agent_43;08:00;12:00;8;12;4;27
2026-07-01;Agent_45;06:00;10:00;6;10;4;27
2026-07-01;Agent_47;00:00;04:00;24;4;4;27
2026-07-01;Agent_49;07:00;11:00;7;11;4;27
2026-07-02;Agent_01;16:00;00:00;16;24;8;27
2026-07-02;Agent_02;13:00;21:00;13;21;8;27
2026-07-02;Agent_03;11:00;19:00;11;19;8;27
2026-07-02;Agent_04;09:00;17:00;9;17;8;27
2026-07-02;Agent_05;12:00;20:00;12;20;8;27
2026-07-02;Agent_06;09:00;17:00;9;17;8;27
2026-07-02;Agent_09;11:00;19:00;11;19;8;27
2026-07-02;Agent_10;10:00;18:00;10;18;8;27
2026-07-02;Agent_11;09:00;17:00;9;17;8;27
2026-07-02;Agent_13;11:00;19:00;11;19;8;27
2026-07-02;Agent_14;13:00;21:00;13;21;8;27
2026-07-02;Agent_15;16:00;00:00;16;24;8;27
2026-07-02;Agent_16;12:00;20:00;12;20;8;27
2026-07-02;Agent_18;08:00;16:00;8;16;8;27
2026-07-02;Agent_20;09:00;17:00;9;17;8;27
2026-07-02;Agent_22;14:00;22:00;14;22;8;27
2026-07-02;Agent_23;13:00;21:00;13;21;8;27
2026-07-02;Agent_24;16:00;00:00;16;24;8;27
2026-07-02;Agent_25;15:00;23:00;15;23;8;27
2026-07-02;Agent_30;03:00;07:00;3;7;4;27
2026-07-02;Agent_34;08:00;12:00;8;12;4;27
2026-07-02;Agent_35;00:00;04:00;24;4;4;27
2026-07-02;Agent_36;00:00;04:00;24;4;4;27
2026-07-02;Agent_40;05:00;09:00;5;9;4;27
2026-07-02;Agent_41;07:00;11:00;7;11;4;27
2026-07-02;Agent_42;07:00;11:00;7;11;4;27
2026-07-02;Agent_44;00:00;04:00;24;4;4;27
2026-07-02;Agent_45;04:00;08:00;4;8;4;27
2026-07-02;Agent_46;02:00;06:00;2;6;4;27
2026-07-02;Agent_47;07:00;11:00;7;11;4;27
2026-07-02;Agent_49;00:00;04:00;24;4;4;27
2026-07-02;Agent_50;00:00;04:00;24;4;4;27
2026-07-03;Agent_02;14:00;22:00;14;22;8;27
2026-07-03;Agent_04;14:00;22:00;14;22;8;27
2026-07-03;Agent_05;11:00;19:00;11;19;8;27
2026-07-03;Agent_06;10:00;18:00;10;18;8;27
2026-07-03;Agent_07;12:00;20:00;12;20;8;27
2026-07-03;Agent_10;09:00;17:00;9;17;8;27
2026-07-03;Agent_11;10:00;18:00;10;18;8;27
2026-07-03;Agent_12;09:00;17:00;9;17;8;27
2026-07-03;Agent_13;16:00;00:00;16;24;8;27
2026-07-03;Agent_15;10:00;18:00;10;18;8;27
2026-07-03;Agent_16;08:00;16:00;8;16;8;27
2026-07-03;Agent_17;13:00;21:00;13;21;8;27
2026-07-03;Agent_18;09:00;17:00;9;17;8;27
2026-07-03;Agent_20;13:00;21:00;13;21;8;27
2026-07-03;Agent_22;09:00;17:00;9;17;8;27
2026-07-03;Agent_23;10:00;18:00;10;18;8;27
2026-07-03;Agent_25;16:00;00:00;16;24;8;27
2026-07-03;Agent_27;05:00;09:00;5;9;4;27
2026-07-03;Agent_28;00:00;04:00;24;4;4;27
2026-07-03;Agent_29;00:00;04:00;24;4;4;27
2026-07-03;Agent_32;06:00;10:00;6;10;4;27
2026-07-03;Agent_33;03:00;07:00;3;7;4;27
2026-07-03;Agent_38;00:00;04:00;24;4;4;27
2026-07-03;Agent_39;04:00;08:00;4;8;4;27
2026-07-03;Agent_44;00:00;04:00;24;4;4;27
2026-07-03;Agent_45;04:00;08:00;4;8;4;27
2026-07-03;Agent_47;00:00;04:00;24;4;4;27
2026-07-06;Agent_01;09:00;17:00;9;17;8;28
2026-07-06;Agent_02;14:00;22:00;14;22;8;28
2026-07-06;Agent_03;16:00;00:00;16;24;8;28
2026-07-06;Agent_04;16:00;00:00;16;24;8;28
2026-07-06;Agent_05;10:00;18:00;10;18;8;28
2026-07-06;Agent_06;10:00;18:00;10;18;8;28
2026-07-06;Agent_08;12:00;20:00;12;20;8;28
2026-07-06;Agent_09;11:00;19:00;11;19;8;28
2026-07-06;Agent_10;09:00;17:00;9;17;8;28
2026-07-06;Agent_13;14:00;22:00;14;22;8;28
2026-07-06;Agent_15;12:00;20:00;12;20;8;28
2026-07-06;Agent_16;12:00;20:00;12;20;8;28
2026-07-06;Agent_17;16:00;00:00;16;24;8;28
2026-07-06;Agent_19;10:00;18:00;10;18;8;28
2026-07-06;Agent_21;13:00;21:00;13;21;8;28
2026-07-06;Agent_22;09:00;17:00;9;17;8;28
2026-07-06;Agent_24;13:00;21:00;13;21;8;28
2026-07-06;Agent_27;05:00;09:00;5;9;4;28
2026-07-06;Agent_31;08:00;12:00;8;12;4;28
2026-07-06;Agent_36;00:00;04:00;24;4;4;28
2026-07-06;Agent_37;08:00;12:00;8;12;4;28
2026-07-06;Agent_39;04:00;08:00;4;8;4;28
2026-07-06;Agent_40;00:00;04:00;24;4;4;28
2026-07-06;Agent_44;07:00;11:00;7;11;4;28
2026-07-06;Agent_45;07:00;11:00;7;11;4;28
2026-07-06;Agent_48;00:00;04:00;24;4;4;28
2026-07-06;Agent_49;04:00;08:00;4;8;4;28
2026-07-06;Agent_50;00:00;04:00;24;4;4;28
2026-07-07;Agent_01;16:00;00:00;16;24;8;28
2026-07-07;Agent_03;15:00;23:00;15;23;8;28
2026-07-07;Agent_05;16:00;00:00;16;24;8;28
2026-07-07;Agent_06;16:00;00:00;16;24;8;28
2026-07-07;Agent_07;10:00;18:00;10;18;8;28
2026-07-07;Agent_09;09:00;17:00;9;17;8;28
2026-07-07;Agent_12;13:00;21:00;13;21;8;28
2026-07-07;Agent_13;09:00;17:00;9;17;8;28
2026-07-07;Agent_14;14:00;22:00;14;22;8;28
2026-07-07;Agent_15;12:00;20:00;12;20;8;28
2026-07-07;Agent_16;10:00;18:00;10;18;8;28
2026-07-07;Agent_17;08:00;16:00;8;16;8;28
2026-07-07;Agent_18;11:00;19:00;11;19;8;28
2026-07-07;Agent_19;10:00;18:00;10;18;8;28
2026-07-07;Agent_20;12:00;20:00;12;20;8;28
2026-07-07;Agent_21;10:00;18:00;10;18;8;28
2026-07-07;Agent_22;09:00;17:00;9;17;8;28
2026-07-07;Agent_23;08:00;16:00;8;16;8;28
2026-07-07;Agent_24;14:00;22:00;14;22;8;28
2026-07-07;Agent_25;09:00;17:00;9;17;8;28
2026-07-07;Agent_26;00:00;04:00;24;4;4;28
2026-07-07;Agent_28;07:00;11:00;7;11;4;28
2026-07-07;Agent_29;00:00;04:00;24;4;4;28
2026-07-07;Agent_30;00:00;04:00;24;4;4;28
2026-07-07;Agent_33;00:00;04:00;24;4;4;28
2026-07-07;Agent_35;02:00;06:00;2;6;4;28
2026-07-07;Agent_37;04:00;08:00;4;8;4;28
2026-07-07;Agent_40;05:00;09:00;5;9;4;28
2026-07-07;Agent_46;05:00;09:00;5;9;4;28
2026-07-07;Agent_50;04:00;08:00;4;8;4;28
2026-07-08;Agent_03;09:00;17:00;9;17;8;28
2026-07-08;Agent_04;10:00;18:00;10;18;8;28
2026-07-08;Agent_05;12:00;20:00;12;20;8;28
2026-07-08;Agent_06;09:00;17:00;9;17;8;28
2026-07-08;Agent_09;11:00;19:00;11;19;8;28
2026-07-08;Agent_11;15:00;23:00;15;23;8;28
2026-07-08;Agent_12;10:00;18:00;10;18;8;28
2026-07-08;Agent_13;16:00;00:00;16;24;8;28
2026-07-08;Agent_14;15:00;23:00;15;23;8;28
2026-07-08;Agent_15;10:00;18:00;10;18;8;28
2026-07-08;Agent_16;15:00;23:00;15;23;8;28
2026-07-08;Agent_18;12:00;20:00;12;20;8;28
2026-07-08;Agent_21;13:00;21:00;13;21;8;28
2026-07-08;Agent_22;13:00;21:00;13;21;8;28
2026-07-08;Agent_23;16:00;00:00;16;24;8;28
2026-07-08;Agent_24;16:00;00:00;16;24;8;28
2026-07-08;Agent_25;12:00;20:00;12;20;8;28
2026-07-08;Agent_26;07:00;11:00;7;11;4;28
2026-07-08;Agent_30;00:00;04:00;24;4;4;28
2026-07-08;Agent_32;07:00;11:00;7;11;4;28
2026-07-08;Agent_34;08:00;12:00;8;12;4;28
2026-07-08;Agent_36;00:00;04:00;24;4;4;28
2026-07-08;Agent_37;06:00;10:00;6;10;4;28
2026-07-08;Agent_38;00:00;04:00;24;4;4;28
2026-07-08;Agent_39;02:00;06:00;2;6;4;28
2026-07-08;Agent_41;04:00;08:00;4;8;4;28
2026-07-08;Agent_42;04:00;08:00;4;8;4;28
2026-07-08;Agent_47;08:00;12:00;8;12;4;28
2026-07-08;Agent_49;00:00;04:00;24;4;4;28
2026-07-08;Agent_50;00:00;04:00;24;4;4;28
2026-07-09;Agent_02;10:00;18:00;10;18;8;28
2026-07-09;Agent_03;13:00;21:00;13;21;8;28
2026-07-09;Agent_04;11:00;19:00;11;19;8;28
2026-07-09;Agent_05;16:00;00:00;16;24;8;28
2026-07-09;Agent_06;13:00;21:00;13;21;8;28
2026-07-09;Agent_07;10:00;18:00;10;18;8;28
2026-07-09;Agent_08;11:00;19:00;11;19;8;28
2026-07-09;Agent_09;16:00;00:00;16;24;8;28
2026-07-09;Agent_10;09:00;17:00;9;17;8;28
2026-07-09;Agent_11;09:00;17:00;9;17;8;28
2026-07-09;Agent_12;10:00;18:00;10;18;8;28
2026-07-09;Agent_13;13:00;21:00;13;21;8;28
2026-07-09;Agent_14;09:00;17:00;9;17;8;28
2026-07-09;Agent_15;11:00;19:00;11;19;8;28
2026-07-09;Agent_16;09:00;17:00;9;17;8;28
2026-07-09;Agent_18;09:00;17:00;9;17;8;28
2026-07-09;Agent_19;14:00;22:00;14;22;8;28
2026-07-09;Agent_21;13:00;21:00;13;21;8;28
2026-07-09;Agent_23;15:00;23:00;15;23;8;28
2026-07-09;Agent_24;11:00;19:00;11;19;8;28
2026-07-09;Agent_26;00:00;04:00;24;4;4;28
2026-07-09;Agent_29;07:00;11:00;7;11;4;28
2026-07-09;Agent_31;00:00;04:00;24;4;4;28
2026-07-09;Agent_32;04:00;08:00;4;8;4;28
2026-07-09;Agent_33;07:00;11:00;7;11;4;28
2026-07-09;Agent_34;06:00;10:00;6;10;4;28
2026-07-09;Agent_36;08:00;12:00;8;12;4;28
2026-07-09;Agent_37;02:00;06:00;2;6;4;28
2026-07-09;Agent_39;00:00;04:00;24;4;4;28
2026-07-09;Agent_40;06:00;10:00;6;10;4;28
2026-07-09;Agent_41;03:00;07:00;3;7;4;28
2026-07-09;Agent_42;07:00;11:00;7;11;4;28
2026-07-09;Agent_44;05:00;09:00;5;9;4;28
2026-07-09;Agent_48;00:00;04:00;24;4;4;28
2026-07-09;Agent_50;00:00;04:00;24;4;4;28
2026-07-10;Agent_01;09:00;17:00;9;17;8;28
2026-07-10;Agent_02;11:00;19:00;11;19;8;28
2026-07-10;Agent_03;11:00;19:00;11;19;8;28
2026-07-10;Agent_05;16:00;00:00;16;24;8;28
2026-07-10;Agent_07;16:00;00:00;16;24;8;28
2026-07-10;Agent_08;13:00;21:00;13;21;8;28
2026-07-10;Agent_10;09:00;17:00;9;17;8;28
2026-07-10;Agent_11;09:00;17:00;9;17;8;28
2026-07-10;Agent_14;14:00;22:00;14;22;8;28
2026-07-10;Agent_15;10:00;18:00;10;18;8;28
2026-07-10;Agent_17;13:00;21:00;13;21;8;28
2026-07-10;Agent_18;09:00;17:00;9;17;8;28
2026-07-10;Agent_19;13:00;21:00;13;21;8;28
2026-07-10;Agent_20;10:00;18:00;10;18;8;28
2026-07-10;Agent_21;10:00;18:00;10;18;8;28
2026-07-10;Agent_24;12:00;20:00;12;20;8;28
2026-07-10;Agent_28;00:00;04:00;24;4;4;28
2026-07-10;Agent_29;00:00;04:00;24;4;4;28
2026-07-10;Agent_33;05:00;09:00;5;9;4;28
2026-07-10;Agent_35;00:00;04:00;24;4;4;28
2026-07-10;Agent_39;01:00;05:00;1;5;4;28
2026-07-10;Agent_41;03:00;07:00;3;7;4;28
2026-07-10;Agent_44;07:00;11:00;7;11;4;28
2026-07-10;Agent_45;00:00;04:00;24;4;4;28
2026-07-10;Agent_47;08:00;12:00;8;12;4;28
2026-07-10;Agent_48;06:00;10:00;6;10;4;28
2026-07-10;Agent_49;00:00;04:00;24;4;4;28
2026-07-13;Agent_01;14:00;22:00;14;22;8;29
2026-07-13;Agent_03;15:00;23:00;15;23;8;29
2026-07-13;Agent_04;09:00;17:00;9;17;8;29
2026-07-13;Agent_05;10:00;18:00;10;18;8;29
2026-07-13;Agent_06;16:00;00:00;16;24;8;29
2026-07-13;Agent_08;10:00;18:00;10;18;8;29
2026-07-13;Agent_13;13:00;21:00;13;21;8;29
2026-07-13;Agent_15;16:00;00:00;16;24;8;29
2026-07-13;Agent_16;12:00;20:00;12;20;8;29
2026-07-13;Agent_17;09:00;17:00;9;17;8;29
2026-07-13;Agent_18;10:00;18:00;10;18;8;29
2026-07-13;Agent_19;12:00;20:00;12;20;8;29
2026-07-13;Agent_20;10:00;18:00;10;18;8;29
2026-07-13;Agent_21;10:00;18:00;10;18;8;29
2026-07-13;Agent_22;08:00;16:00;8;16;8;29
2026-07-13;Agent_23;15:00;23:00;15;23;8;29
2026-07-13;Agent_24;13:00;21:00;13;21;8;29
2026-07-13;Agent_25;09:00;17:00;9;17;8;29
2026-07-13;Agent_26;06:00;10:00;6;10;4;29
2026-07-13;Agent_28;00:00;04:00;24;4;4;29
2026-07-13;Agent_31;06:00;10:00;6;10;4;29
2026-07-13;Agent_32;03:00;07:00;3;7;4;29
2026-07-13;Agent_37;00:00;04:00;24;4;4;29
2026-07-13;Agent_38;05:00;09:00;5;9;4;29
2026-07-13;Agent_40;01:00;05:00;1;5;4;29
2026-07-13;Agent_41;07:00;11:00;7;11;4;29
2026-07-13;Agent_43;03:00;07:00;3;7;4;29
2026-07-13;Agent_45;00:00;04:00;24;4;4;29
2026-07-13;Agent_46;07:00;11:00;7;11;4;29
2026-07-13;Agent_47;00:00;04:00;24;4;4;29
2026-07-13;Agent_48;05:00;09:00;5;9;4;29
2026-07-14;Agent_01;15:00;23:00;15;23;8;29
2026-07-14;Agent_02;12:00;20:00;12;20;8;29
2026-07-14;Agent_03;13:00;21:00;13;21;8;29
2026-07-14;Agent_04;11:00;19:00;11;19;8;29
2026-07-14;Agent_05;15:00;23:00;15;23;8;29
2026-07-14;Agent_06;09:00;17:00;9;17;8;29
2026-07-14;Agent_07;11:00;19:00;11;19;8;29
2026-07-14;Agent_09;09:00;17:00;9;17;8;29
2026-07-14;Agent_12;16:00;00:00;16;24;8;29
2026-07-14;Agent_13;08:00;16:00;8;16;8;29
2026-07-14;Agent_14;10:00;18:00;10;18;8;29
2026-07-14;Agent_15;10:00;18:00;10;18;8;29
2026-07-14;Agent_17;11:00;19:00;11;19;8;29
2026-07-14;Agent_19;13:00;21:00;13;21;8;29
2026-07-14;Agent_20;09:00;17:00;9;17;8;29
2026-07-14;Agent_21;14:00;22:00;14;22;8;29
2026-07-14;Agent_22;10:00;18:00;10;18;8;29
2026-07-14;Agent_23;09:00;17:00;9;17;8;29
2026-07-14;Agent_24;09:00;17:00;9;17;8;29
2026-07-14;Agent_25;16:00;00:00;16;24;8;29
2026-07-14;Agent_26;02:00;06:00;2;6;4;29
2026-07-14;Agent_28;00:00;04:00;24;4;4;29
2026-07-14;Agent_32;00:00;04:00;24;4;4;29
2026-07-14;Agent_34;00:00;04:00;24;4;4;29
2026-07-14;Agent_36;07:00;11:00;7;11;4;29
2026-07-14;Agent_37;06:00;10:00;6;10;4;29
2026-07-14;Agent_41;05:00;09:00;5;9;4;29
2026-07-14;Agent_46;04:00;08:00;4;8;4;29
2026-07-14;Agent_48;00:00;04:00;24;4;4;29
2026-07-14;Agent_49;00:00;04:00;24;4;4;29
2026-07-15;Agent_01;15:00;23:00;15;23;8;29
2026-07-15;Agent_02;13:00;21:00;13;21;8;29
2026-07-15;Agent_03;11:00;19:00;11;19;8;29
2026-07-15;Agent_04;14:00;22:00;14;22;8;29
2026-07-15;Agent_05;12:00;20:00;12;20;8;29
2026-07-15;Agent_06;14:00;22:00;14;22;8;29
2026-07-15;Agent_07;11:00;19:00;11;19;8;29
2026-07-15;Agent_08;13:00;21:00;13;21;8;29
2026-07-15;Agent_09;08:00;16:00;8;16;8;29
2026-07-15;Agent_10;13:00;21:00;13;21;8;29
2026-07-15;Agent_11;10:00;18:00;10;18;8;29
2026-07-15;Agent_12;10:00;18:00;10;18;8;29
2026-07-15;Agent_13;10:00;18:00;10;18;8;29
2026-07-15;Agent_15;10:00;18:00;10;18;8;29
2026-07-15;Agent_16;09:00;17:00;9;17;8;29
2026-07-15;Agent_18;16:00;00:00;16;24;8;29
2026-07-15;Agent_19;11:00;19:00;11;19;8;29
2026-07-15;Agent_20;09:00;17:00;9;17;8;29
2026-07-15;Agent_22;16:00;00:00;16;24;8;29
2026-07-15;Agent_23;09:00;17:00;9;17;8;29
2026-07-15;Agent_24;11:00;19:00;11;19;8;29
2026-07-15;Agent_25;16:00;00:00;16;24;8;29
2026-07-15;Agent_29;00:00;04:00;24;4;4;29
2026-07-15;Agent_30;07:00;11:00;7;11;4;29
2026-07-15;Agent_32;07:00;11:00;7;11;4;29
2026-07-15;Agent_33;00:00;04:00;24;4;4;29
2026-07-15;Agent_34;00:00;04:00;24;4;4;29
2026-07-15;Agent_35;03:00;07:00;3;7;4;29
2026-07-15;Agent_37;00:00;04:00;24;4;4;29
2026-07-15;Agent_41;04:00;08:00;4;8;4;29
2026-07-15;Agent_42;07:00;11:00;7;11;4;29
2026-07-15;Agent_43;00:00;04:00;24;4;4;29
2026-07-15;Agent_46;05:00;09:00;5;9;4;29
2026-07-15;Agent_47;06:00;10:00;6;10;4;29
2026-07-15;Agent_50;02:00;06:00;2;6;4;29
2026-07-16;Agent_01;10:00;18:00;10;18;8;29
2026-07-16;Agent_03;16:00;00:00;16;24;8;29
2026-07-16;Agent_04;09:00;17:00;9;17;8;29
2026-07-16;Agent_05;15:00;23:00;15;23;8;29
2026-07-16;Agent_06;10:00;18:00;10;18;8;29
2026-07-16;Agent_07;10:00;18:00;10;18;8;29
2026-07-16;Agent_08;09:00;17:00;9;17;8;29
2026-07-16;Agent_10;14:00;22:00;14;22;8;29
2026-07-16;Agent_11;13:00;21:00;13;21;8;29
2026-07-16;Agent_13;12:00;20:00;12;20;8;29
2026-07-16;Agent_14;08:00;16:00;8;16;8;29
2026-07-16;Agent_15;10:00;18:00;10;18;8;29
2026-07-16;Agent_16;13:00;21:00;13;21;8;29
2026-07-16;Agent_17;09:00;17:00;9;17;8;29
2026-07-16;Agent_18;09:00;17:00;9;17;8;29
2026-07-16;Agent_19;11:00;19:00;11;19;8;29
2026-07-16;Agent_20;16:00;00:00;16;24;8;29
2026-07-16;Agent_21;10:00;18:00;10;18;8;29
2026-07-16;Agent_22;16:00;00:00;16;24;8;29
2026-07-16;Agent_23;11:00;19:00;11;19;8;29
2026-07-16;Agent_25;11:00;19:00;11;19;8;29
2026-07-16;Agent_26;02:00;06:00;2;6;4;29
2026-07-16;Agent_27;06:00;10:00;6;10;4;29
2026-07-16;Agent_28;06:00;10:00;6;10;4;29
2026-07-16;Agent_29;00:00;04:00;24;4;4;29
2026-07-16;Agent_32;00:00;04:00;24;4;4;29
2026-07-16;Agent_37;00:00;04:00;24;4;4;29
2026-07-16;Agent_38;07:00;11:00;7;11;4;29
2026-07-16;Agent_40;00:00;04:00;24;4;4;29
2026-07-16;Agent_41;05:00;09:00;5;9;4;29
2026-07-16;Agent_45;02:00;06:00;2;6;4;29
2026-07-16;Agent_46;07:00;11:00;7;11;4;29
2026-07-16;Agent_49;00:00;04:00;24;4;4;29
2026-07-17;Agent_01;13:00;21:00;13;21;8;29
2026-07-17;Agent_02;10:00;18:00;10;18;8;29
2026-07-17;Agent_03;16:00;00:00;16;24;8;29
2026-07-17;Agent_04;13:00;21:00;13;21;8;29
2026-07-17;Agent_05;09:00;17:00;9;17;8;29
2026-07-17;Agent_07;12:00;20:00;12;20;8;29
2026-07-17;Agent_09;10:00;18:00;10;18;8;29
2026-07-17;Agent_10;08:00;16:00;8;16;8;29
2026-07-17;Agent_11;16:00;00:00;16;24;8;29
2026-07-17;Agent_12;15:00;23:00;15;23;8;29
2026-07-17;Agent_14;09:00;17:00;9;17;8;29
2026-07-17;Agent_15;14:00;22:00;14;22;8;29
2026-07-17;Agent_16;09:00;17:00;9;17;8;29
2026-07-17;Agent_17;11:00;19:00;11;19;8;29
2026-07-17;Agent_19;10:00;18:00;10;18;8;29
2026-07-17;Agent_20;11:00;19:00;11;19;8;29
2026-07-17;Agent_21;09:00;17:00;9;17;8;29
2026-07-17;Agent_22;12:00;20:00;12;20;8;29
2026-07-17;Agent_24;16:00;00:00;16;24;8;29
2026-07-17;Agent_25;13:00;21:00;13;21;8;29
2026-07-17;Agent_27;00:00;04:00;24;4;4;29
2026-07-17;Agent_28;05:00;09:00;5;9;4;29
2026-07-17;Agent_30;05:00;09:00;5;9;4;29
2026-07-17;Agent_33;06:00;10:00;6;10;4;29
2026-07-17;Agent_35;00:00;04:00;24;4;4;29
2026-07-17;Agent_36;08:00;12:00;8;12;4;29
2026-07-17;Agent_37;02:00;06:00;2;6;4;29
2026-07-17;Agent_39;07:00;11:00;7;11;4;29
2026-07-17;Agent_40;00:00;04:00;24;4;4;29
2026-07-17;Agent_47;00:00;04:00;24;4;4;29
2026-07-17;Agent_49;04:00;08:00;4;8;4;29
2026-07-20;Agent_01;09:00;17:00;9;17;8;30
2026-07-20;Agent_02;09:00;17:00;9;17;8;30
2026-07-20;Agent_04;10:00;18:00;10;18;8;30
2026-07-20;Agent_05;16:00;00:00;16;24;8;30
2026-07-20;Agent_06;13:00;21:00;13;21;8;30
2026-07-20;Agent_08;13:00;21:00;13;21;8;30
2026-07-20;Agent_10;16:00;00:00;16;24;8;30
2026-07-20;Agent_11;11:00;19:00;11;19;8;30
2026-07-20;Agent_12;13:00;21:00;13;21;8;30
2026-07-20;Agent_14;11:00;19:00;11;19;8;30
2026-07-20;Agent_15;12:00;20:00;12;20;8;30
2026-07-20;Agent_16;09:00;17:00;9;17;8;30
2026-07-20;Agent_17;16:00;00:00;16;24;8;30
2026-07-20;Agent_19;10:00;18:00;10;18;8;30
2026-07-20;Agent_20;10:00;18:00;10;18;8;30
2026-07-20;Agent_21;12:00;20:00;12;20;8;30
2026-07-20;Agent_22;15:00;23:00;15;23;8;30
2026-07-20;Agent_23;10:00;18:00;10;18;8;30
2026-07-20;Agent_24;14:00;22:00;14;22;8;30
2026-07-20;Agent_25;09:00;17:00;9;17;8;30
2026-07-20;Agent_26;04:00;08:00;4;8;4;30
2026-07-20;Agent_30;06:00;10:00;6;10;4;30
2026-07-20;Agent_32;01:00;05:00;1;5;4;30
2026-07-20;Agent_34;05:00;09:00;5;9;4;30
2026-07-20;Agent_35;00:00;04:00;24;4;4;30
2026-07-20;Agent_37;02:00;06:00;2;6;4;30
2026-07-20;Agent_38;08:00;12:00;8;12;4;30
2026-07-20;Agent_39;08:00;12:00;8;12;4;30
2026-07-20;Agent_40;00:00;04:00;24;4;4;30
2026-07-20;Agent_43;00:00;04:00;24;4;4;30
2026-07-20;Agent_45;00:00;04:00;24;4;4;30
2026-07-20;Agent_46;07:00;11:00;7;11;4;30
2026-07-20;Agent_48;00:00;04:00;24;4;4;30
2026-07-21;Agent_01;16:00;00:00;16;24;8;30
2026-07-21;Agent_02;15:00;23:00;15;23;8;30
2026-07-21;Agent_03;12:00;20:00;12;20;8;30
2026-07-21;Agent_04;08:00;16:00;8;16;8;30
2026-07-21;Agent_05;16:00;00:00;16;24;8;30
2026-07-21;Agent_07;10:00;18:00;10;18;8;30
2026-07-21;Agent_08;15:00;23:00;15;23;8;30
2026-07-21;Agent_09;09:00;17:00;9;17;8;30
2026-07-21;Agent_10;13:00;21:00;13;21;8;30
2026-07-21;Agent_11;09:00;17:00;9;17;8;30
2026-07-21;Agent_12;10:00;18:00;10;18;8;30
2026-07-21;Agent_13;09:00;17:00;9;17;8;30
2026-07-21;Agent_14;16:00;00:00;16;24;8;30
2026-07-21;Agent_15;15:00;23:00;15;23;8;30
2026-07-21;Agent_16;09:00;17:00;9;17;8;30
2026-07-21;Agent_17;08:00;16:00;8;16;8;30
2026-07-21;Agent_18;10:00;18:00;10;18;8;30
2026-07-21;Agent_20;11:00;19:00;11;19;8;30
2026-07-21;Agent_23;08:00;16:00;8;16;8;30
2026-07-21;Agent_24;15:00;23:00;15;23;8;30
2026-07-21;Agent_25;12:00;20:00;12;20;8;30
2026-07-21;Agent_26;05:00;09:00;5;9;4;30
2026-07-21;Agent_28;05:00;09:00;5;9;4;30
2026-07-21;Agent_30;06:00;10:00;6;10;4;30
2026-07-21;Agent_31;00:00;04:00;24;4;4;30
2026-07-21;Agent_32;00:00;04:00;24;4;4;30
2026-07-21;Agent_33;04:00;08:00;4;8;4;30
2026-07-21;Agent_40;00:00;04:00;24;4;4;30
2026-07-21;Agent_41;04:00;08:00;4;8;4;30
2026-07-21;Agent_42;00:00;04:00;24;4;4;30
2026-07-21;Agent_45;00:00;04:00;24;4;4;30
2026-07-21;Agent_47;04:00;08:00;4;8;4;30
2026-07-22;Agent_01;13:00;21:00;13;21;8;30
2026-07-22;Agent_02;10:00;18:00;10;18;8;30
2026-07-22;Agent_03;16:00;00:00;16;24;8;30
2026-07-22;Agent_04;08:00;16:00;8;16;8;30
2026-07-22;Agent_06;11:00;19:00;11;19;8;30
2026-07-22;Agent_08;16:00;00:00;16;24;8;30
2026-07-22;Agent_09;10:00;18:00;10;18;8;30
2026-07-22;Agent_10;11:00;19:00;11;19;8;30
2026-07-22;Agent_12;09:00;17:00;9;17;8;30
2026-07-22;Agent_13;14:00;22:00;14;22;8;30
2026-07-22;Agent_14;13:00;21:00;13;21;8;30
2026-07-22;Agent_16;09:00;17:00;9;17;8;30
2026-07-22;Agent_17;16:00;00:00;16;24;8;30
2026-07-22;Agent_18;11:00;19:00;11;19;8;30
2026-07-22;Agent_21;14:00;22:00;14;22;8;30
2026-07-22;Agent_22;10:00;18:00;10;18;8;30
2026-07-22;Agent_23;13:00;21:00;13;21;8;30
2026-07-22;Agent_25;09:00;17:00;9;17;8;30
2026-07-22;Agent_28;00:00;04:00;24;4;4;30
2026-07-22;Agent_30;00:00;04:00;24;4;4;30
2026-07-22;Agent_35;05:00;09:00;5;9;4;30
2026-07-22;Agent_37;00:00;04:00;24;4;4;30
2026-07-22;Agent_40;00:00;04:00;24;4;4;30
2026-07-22;Agent_41;04:00;08:00;4;8;4;30
2026-07-22;Agent_43;07:00;11:00;7;11;4;30
2026-07-22;Agent_44;00:00;04:00;24;4;4;30
2026-07-22;Agent_45;06:00;10:00;6;10;4;30
2026-07-22;Agent_46;07:00;11:00;7;11;4;30
2026-07-22;Agent_48;03:00;07:00;3;7;4;30
2026-07-22;Agent_50;07:00;11:00;7;11;4;30
2026-07-23;Agent_01;10:00;18:00;10;18;8;30
2026-07-23;Agent_02;10:00;18:00;10;18;8;30
2026-07-23;Agent_03;13:00;21:00;13;21;8;30
2026-07-23;Agent_04;13:00;21:00;13;21;8;30
2026-07-23;Agent_05;13:00;21:00;13;21;8;30
2026-07-23;Agent_06;08:00;16:00;8;16;8;30
2026-07-23;Agent_07;09:00;17:00;9;17;8;30
2026-07-23;Agent_08;15:00;23:00;15;23;8;30
2026-07-23;Agent_09;10:00;18:00;10;18;8;30
2026-07-23;Agent_10;13:00;21:00;13;21;8;30
2026-07-23;Agent_11;09:00;17:00;9;17;8;30
2026-07-23;Agent_12;16:00;00:00;16;24;8;30
2026-07-23;Agent_15;16:00;00:00;16;24;8;30
2026-07-23;Agent_16;11:00;19:00;11;19;8;30
2026-07-23;Agent_17;10:00;18:00;10;18;8;30
2026-07-23;Agent_18;16:00;00:00;16;24;8;30
2026-07-23;Agent_19;12:00;20:00;12;20;8;30
2026-07-23;Agent_20;13:00;21:00;13;21;8;30
2026-07-23;Agent_21;09:00;17:00;9;17;8;30
2026-07-23;Agent_22;12:00;20:00;12;20;8;30
2026-07-23;Agent_23;12:00;20:00;12;20;8;30
2026-07-23;Agent_24;09:00;17:00;9;17;8;30
2026-07-23;Agent_26;04:00;08:00;4;8;4;30
2026-07-23;Agent_33;06:00;10:00;6;10;4;30
2026-07-23;Agent_37;00:00;04:00;24;4;4;30
2026-07-23;Agent_39;06:00;10:00;6;10;4;30
2026-07-23;Agent_41;00:00;04:00;24;4;4;30
2026-07-23;Agent_44;00:00;04:00;24;4;4;30
2026-07-23;Agent_45;08:00;12:00;8;12;4;30
2026-07-23;Agent_46;05:00;09:00;5;9;4;30
2026-07-23;Agent_47;00:00;04:00;24;4;4;30
2026-07-23;Agent_48;05:00;09:00;5;9;4;30
2026-07-23;Agent_49;00:00;04:00;24;4;4;30
2026-07-23;Agent_50;08:00;12:00;8;12;4;30
2026-07-24;Agent_01;14:00;22:00;14;22;8;30
2026-07-24;Agent_02;16:00;00:00;16;24;8;30
2026-07-24;Agent_03;10:00;18:00;10;18;8;30
2026-07-24;Agent_06;16:00;00:00;16;24;8;30
2026-07-24;Agent_09;12:00;20:00;12;20;8;30
2026-07-24;Agent_10;15:00;23:00;15;23;8;30
2026-07-24;Agent_11;16:00;00:00;16;24;8;30
2026-07-24;Agent_12;10:00;18:00;10;18;8;30
2026-07-24;Agent_13;13:00;21:00;13;21;8;30
2026-07-24;Agent_14;10:00;18:00;10;18;8;30
2026-07-24;Agent_15;10:00;18:00;10;18;8;30
2026-07-24;Agent_16;09:00;17:00;9;17;8;30
2026-07-24;Agent_18;10:00;18:00;10;18;8;30
2026-07-24;Agent_19;12:00;20:00;12;20;8;30
2026-07-24;Agent_20;13:00;21:00;13;21;8;30
2026-07-24;Agent_21;13:00;21:00;13;21;8;30
2026-07-24;Agent_22;10:00;18:00;10;18;8;30
2026-07-24;Agent_24;09:00;17:00;9;17;8;30
2026-07-24;Agent_25;09:00;17:00;9;17;8;30
2026-07-24;Agent_26;00:00;04:00;24;4;4;30
2026-07-24;Agent_27;04:00;08:00;4;8;4;30
2026-07-24;Agent_32;07:00;11:00;7;11;4;30
2026-07-24;Agent_35;06:00;10:00;6;10;4;30
2026-07-24;Agent_36;00:00;04:00;24;4;4;30
2026-07-24;Agent_41;00:00;04:00;24;4;4;30
2026-07-24;Agent_42;03:00;07:00;3;7;4;30
2026-07-24;Agent_43;08:00;12:00;8;12;4;30
2026-07-24;Agent_44;00:00;04:00;24;4;4;30
2026-07-24;Agent_47;00:00;04:00;24;4;4;30
2026-07-24;Agent_49;05:00;09:00;5;9;4;30
2026-07-24;Agent_50;06:00;10:00;6;10;4;30
2026-07-27;Agent_02;16:00;00:00;16;24;8;31
2026-07-27;Agent_03;08:00;16:00;8;16;8;31
2026-07-27;Agent_05;09:00;17:00;9;17;8;31
2026-07-27;Agent_06;15:00;23:00;15;23;8;31
2026-07-27;Agent_07;15:00;23:00;15;23;8;31
2026-07-27;Agent_09;10:00;18:00;10;18;8;31
2026-07-27;Agent_12;13:00;21:00;13;21;8;31
2026-07-27;Agent_13;09:00;17:00;9;17;8;31
2026-07-27;Agent_14;09:00;17:00;9;17;8;31
2026-07-27;Agent_15;12:00;20:00;12;20;8;31
2026-07-27;Agent_16;11:00;19:00;11;19;8;31
2026-07-27;Agent_17;11:00;19:00;11;19;8;31
2026-07-27;Agent_18;13:00;21:00;13;21;8;31
2026-07-27;Agent_19;11:00;19:00;11;19;8;31
2026-07-27;Agent_20;10:00;18:00;10;18;8;31
2026-07-27;Agent_21;10:00;18:00;10;18;8;31
2026-07-27;Agent_23;16:00;00:00;16;24;8;31
2026-07-27;Agent_24;16:00;00:00;16;24;8;31
2026-07-27;Agent_27;00:00;04:00;24;4;4;31
2026-07-27;Agent_29;00:00;04:00;24;4;4;31
2026-07-27;Agent_31;04:00;08:00;4;8;4;31
2026-07-27;Agent_32;08:00;12:00;8;12;4;31
2026-07-27;Agent_34;08:00;12:00;8;12;4;31
2026-07-27;Agent_37;03:00;07:00;3;7;4;31
2026-07-27;Agent_38;00:00;04:00;24;4;4;31
2026-07-27;Agent_42;04:00;08:00;4;8;4;31
2026-07-27;Agent_44;05:00;09:00;5;9;4;31
2026-07-27;Agent_45;06:00;10:00;6;10;4;31
2026-07-27;Agent_46;00:00;04:00;24;4;4;31
2026-07-27;Agent_49;06:00;10:00;6;10;4;31
2026-07-27;Agent_50;00:00;04:00;24;4;4;31
2026-07-28;Agent_01;09:00;17:00;9;17;8;31
2026-07-28;Agent_02;09:00;17:00;9;17;8;31
2026-07-28;Agent_03;11:00;19:00;11;19;8;31
2026-07-28;Agent_06;12:00;20:00;12;20;8;31
2026-07-28;Agent_08;12:00;20:00;12;20;8;31
2026-07-28;Agent_09;14:00;22:00;14;22;8;31
2026-07-28;Agent_10;11:00;19:00;11;19;8;31
2026-07-28;Agent_11;12:00;20:00;12;20;8;31
2026-07-28;Agent_12;10:00;18:00;10;18;8;31
2026-07-28;Agent_14;08:00;16:00;8;16;8;31
2026-07-28;Agent_15;16:00;00:00;16;24;8;31
2026-07-28;Agent_17;14:00;22:00;14;22;8;31
2026-07-28;Agent_18;09:00;17:00;9;17;8;31
2026-07-28;Agent_19;13:00;21:00;13;21;8;31
2026-07-28;Agent_20;14:00;22:00;14;22;8;31
2026-07-28;Agent_21;08:00;16:00;8;16;8;31
2026-07-28;Agent_22;16:00;00:00;16;24;8;31
2026-07-28;Agent_23;10:00;18:00;10;18;8;31
2026-07-28;Agent_27;05:00;09:00;5;9;4;31
2026-07-28;Agent_28;00:00;04:00;24;4;4;31
2026-07-28;Agent_30;00:00;04:00;24;4;4;31
2026-07-28;Agent_33;01:00;05:00;1;5;4;31
2026-07-28;Agent_37;04:00;08:00;4;8;4;31
2026-07-28;Agent_38;00:00;04:00;24;4;4;31
2026-07-28;Agent_39;00:00;04:00;24;4;4;31
2026-07-28;Agent_41;07:00;11:00;7;11;4;31
2026-07-28;Agent_46;04:00;08:00;4;8;4;31
2026-07-28;Agent_47;06:00;10:00;6;10;4;31
2026-07-29;Agent_01;12:00;20:00;12;20;8;31
2026-07-29;Agent_03;10:00;18:00;10;18;8;31
2026-07-29;Agent_04;13:00;21:00;13;21;8;31
2026-07-29;Agent_05;10:00;18:00;10;18;8;31
2026-07-29;Agent_07;11:00;19:00;11;19;8;31
2026-07-29;Agent_08;15:00;23:00;15;23;8;31
2026-07-29;Agent_09;11:00;19:00;11;19;8;31
2026-07-29;Agent_10;09:00;17:00;9;17;8;31
2026-07-29;Agent_11;09:00;17:00;9;17;8;31
2026-07-29;Agent_12;13:00;21:00;13;21;8;31
2026-07-29;Agent_13;14:00;22:00;14;22;8;31
2026-07-29;Agent_15;09:00;17:00;9;17;8;31
2026-07-29;Agent_16;10:00;18:00;10;18;8;31
2026-07-29;Agent_17;16:00;00:00;16;24;8;31
2026-07-29;Agent_20;16:00;00:00;16;24;8;31
2026-07-29;Agent_21;16:00;00:00;16;24;8;31
2026-07-29;Agent_22;08:00;16:00;8;16;8;31
2026-07-29;Agent_23;12:00;20:00;12;20;8;31
2026-07-29;Agent_24;13:00;21:00;13;21;8;31
2026-07-29;Agent_25;10:00;18:00;10;18;8;31
2026-07-29;Agent_31;00:00;04:00;24;4;4;31
2026-07-29;Agent_32;00:00;04:00;24;4;4;31
2026-07-29;Agent_34;00:00;04:00;24;4;4;31
2026-07-29;Agent_35;08:00;12:00;8;12;4;31
2026-07-29;Agent_36;06:00;10:00;6;10;4;31
2026-07-29;Agent_39;04:00;08:00;4;8;4;31
2026-07-29;Agent_41;00:00;04:00;24;4;4;31
2026-07-29;Agent_44;04:00;08:00;4;8;4;31
2026-07-29;Agent_45;00:00;04:00;24;4;4;31
2026-07-29;Agent_47;07:00;11:00;7;11;4;31
2026-07-29;Agent_50;07:00;11:00;7;11;4;31
2026-07-30;Agent_01;13:00;21:00;13;21;8;31
2026-07-30;Agent_03;16:00;00:00;16;24;8;31
2026-07-30;Agent_04;09:00;17:00;9;17;8;31
2026-07-30;Agent_05;14:00;22:00;14;22;8;31
2026-07-30;Agent_06;08:00;16:00;8;16;8;31
2026-07-30;Agent_07;13:00;21:00;13;21;8;31
2026-07-30;Agent_08;11:00;19:00;11;19;8;31
2026-07-30;Agent_10;11:00;19:00;11;19;8;31
2026-07-30;Agent_11;10:00;18:00;10;18;8;31
2026-07-30;Agent_12;15:00;23:00;15;23;8;31
2026-07-30;Agent_15;13:00;21:00;13;21;8;31
2026-07-30;Agent_16;11:00;19:00;11;19;8;31
2026-07-30;Agent_17;12:00;20:00;12;20;8;31
2026-07-30;Agent_18;10:00;18:00;10;18;8;31
2026-07-30;Agent_19;16:00;00:00;16;24;8;31
2026-07-30;Agent_20;12:00;20:00;12;20;8;31
2026-07-30;Agent_21;13:00;21:00;13;21;8;31
2026-07-30;Agent_22;16:00;00:00;16;24;8;31
2026-07-30;Agent_23;12:00;20:00;12;20;8;31
2026-07-30;Agent_24;09:00;17:00;9;17;8;31
2026-07-30;Agent_25;11:00;19:00;11;19;8;31
2026-07-30;Agent_26;07:00;11:00;7;11;4;31
2026-07-30;Agent_27;05:00;09:00;5;9;4;31
2026-07-30;Agent_28;00:00;04:00;24;4;4;31
2026-07-30;Agent_29;07:00;11:00;7;11;4;31
2026-07-30;Agent_34;08:00;12:00;8;12;4;31
2026-07-30;Agent_35;00:00;04:00;24;4;4;31
2026-07-30;Agent_36;00:00;04:00;24;4;4;31
2026-07-30;Agent_37;00:00;04:00;24;4;4;31
2026-07-30;Agent_38;04:00;08:00;4;8;4;31
2026-07-30;Agent_40;00:00;04:00;24;4;4;31
2026-07-30;Agent_42;03:00;07:00;3;7;4;31
2026-07-30;Agent_48;07:00;11:00;7;11;4;31
2026-07-31;Agent_02;08:00;16:00;8;16;8;31
2026-07-31;Agent_05;14:00;22:00;14;22;8;31
2026-07-31;Agent_07;12:00;20:00;12;20;8;31
2026-07-31;Agent_08;15:00;23:00;15;23;8;31
2026-07-31;Agent_10;11:00;19:00;11;19;8;31
2026-07-31;Agent_11;16:00;00:00;16;24;8;31
2026-07-31;Agent_12;09:00;17:00;9;17;8;31
2026-07-31;Agent_13;13:00;21:00;13;21;8;31
2026-07-31;Agent_14;15:00;23:00;15;23;8;31
2026-07-31;Agent_15;08:00;16:00;8;16;8;31
2026-07-31;Agent_16;10:00;18:00;10;18;8;31
2026-07-31;Agent_17;12:00;20:00;12;20;8;31
2026-07-31;Agent_18;16:00;00:00;16;24;8;31
2026-07-31;Agent_19;09:00;17:00;9;17;8;31
2026-07-31;Agent_20;10:00;18:00;10;18;8;31
2026-07-31;Agent_21;11:00;19:00;11;19;8;31
2026-07-31;Agent_22;09:00;17:00;9;17;8;31
2026-07-31;Agent_23;09:00;17:00;9;17;8;31
2026-07-31;Agent_24;12:00;20:00;12;20;8;31
2026-07-31;Agent_27;00:00;04:00;24;4;4;31
2026-07-31;Agent_28;06:00;10:00;6;10;4;31
2026-07-31;Agent_32;05:00;09:00;5;9;4;31
2026-07-31;Agent_34;00:00;04:00;24;4;4;31
2026-07-31;Agent_36;04:00;08:00;4;8;4;31
2026-07-31;Agent_37;07:00;11:00;7;11;4;31
2026-07-31;Agent_40;00:00;04:00;24;4;4;31
2026-07-31;Agent_43;04:00;08:00;4;8;4;31
2026-07-31;Agent_45;00:00;04:00;24;4;4;31
2026-07-31;Agent_48;00:00;04:00;24;4;4;31
2026-07-31;Agent_50;08:00;12:00;8;12;4;31
